0 verbose cli /usr/local/bin/node /usr/local/bin/npm
1 info using npm@11.9.0
2 info using node@v25.6.1
3 silly config load:file:/usr/local/lib/node_modules/npm/npmrc
4 silly config load:file:/Users/aryanverma/Library/Application Support/Code/User/globalStorage/ms-edgedevtools.vscode-edge-devtools/.npmrc
5 silly config load:file:/Users/aryanverma/.npmrc
6 silly config load:file:/usr/local/etc/npmrc
7 verbose title npm install @hint/configuration-development@latest hint@latest typescript@latest
8 verbose argv "install" "@hint/configuration-development@latest" "hint@latest" "typescript@latest" "--save-dev" "--loglevel" "verbose"
9 verbose logfile logs-max:10 dir:/Users/aryanverma/.npm/_logs/2026-07-29T03_28_43_513Z-
10 verbose logfile /Users/aryanverma/.npm/_logs/2026-07-29T03_28_43_513Z-debug-0.log
11 silly logfile done cleaning log files
12 silly packumentCache heap:2348810240 maxSize:587202560 maxEntrySize:293601280
13 silly packumentCache corgi:https://registry.npmjs.org/@hint%2fconfiguration-development cache-miss
14 silly packumentCache corgi:https://registry.npmjs.org/hint cache-miss
15 silly packumentCache corgi:https://registry.npmjs.org/typescript cache-miss
16 http fetch GET 200 https://registry.npmjs.org/@hint%2fconfiguration-development 195ms (cache revalidated)
17 silly packumentCache corgi:https://registry.npmjs.org/@hint%2fconfiguration-development set size:158680 disposed:false
18 http fetch GET 200 https://registry.npmjs.org/hint 197ms (cache revalidated)
19 silly packumentCache corgi:https://registry.npmjs.org/hint set size:280124 disposed:false
20 http fetch GET 200 https://registry.npmjs.org/npm 825ms
21 http fetch GET 200 https://registry.npmjs.org/typescript 1398ms (cache updated)
22 silly packumentCache corgi:https://registry.npmjs.org/typescript set size:undefined disposed:false
23 silly idealTree buildDeps
24 silly fetch manifest @hint/configuration-development@8.3.20
25 silly packumentCache full:https://registry.npmjs.org/@hint%2fconfiguration-development cache-miss
26 http fetch GET 200 https://registry.npmjs.org/@hint%2fconfiguration-development 303ms (cache revalidated)
27 silly packumentCache full:https://registry.npmjs.org/@hint%2fconfiguration-development set size:224585 disposed:false
28 silly fetch manifest hint@7.1.13
29 silly packumentCache full:https://registry.npmjs.org/hint cache-miss
30 http fetch GET 200 https://registry.npmjs.org/hint 40ms (cache revalidated)
31 silly packumentCache full:https://registry.npmjs.org/hint set size:494467 disposed:false
32 silly fetch manifest typescript@7.0.2
33 silly packumentCache full:https://registry.npmjs.org/typescript cache-miss
34 http fetch GET 200 https://registry.npmjs.org/typescript 1198ms (cache updated)
35 silly packumentCache full:https://registry.npmjs.org/typescript set size:undefined disposed:false
36 silly placeDep ROOT @hint/configuration-development@8.3.20 REPLACE for: ms-edgedevtools.vscode-edge-devtools@1.0.0 want: 8.3.20
37 silly placeDep ROOT hint@7.1.13 REPLACE for: ms-edgedevtools.vscode-edge-devtools@1.0.0 want: 7.1.13
38 silly placeDep ROOT typescript@7.0.2 REPLACE for: ms-edgedevtools.vscode-edge-devtools@1.0.0 want: 7.0.2
39 silly reify moves {}
40 silly audit bulk request {
40 silly audit   '@hint/configuration-accessibility': [ '2.0.28' ],
40 silly audit   '@hint/configuration-progressive-web-apps': [ '7.0.29' ],
40 silly audit   '@hint/configuration-web-recommended': [ '8.2.24' ],
40 silly audit   '@hint/connector-jsdom': [ '4.1.28' ],
40 silly audit   '@hint/connector-local': [ '3.2.28' ],
40 silly audit   '@hint/connector-puppeteer': [ '2.5.25' ],
40 silly audit   '@hint/formatter-html': [ '4.3.17' ],
40 silly audit   '@hint/formatter-json': [ '3.1.36' ],
40 silly audit   '@hint/formatter-stylish': [ '3.1.36' ],
40 silly audit   '@hint/formatter-summary': [ '3.0.39' ],
40 silly audit   '@hint/hint-apple-touch-icons': [ '4.0.23' ],
40 silly audit   '@hint/hint-axe': [ '4.4.21' ],
40 silly audit   '@hint/hint-babel-config': [ '2.4.28' ],
40 silly audit   '@hint/hint-button-type': [ '3.0.23' ],
40 silly audit   '@hint/hint-compat-api': [ '4.5.8' ],
40 silly audit   '@hint/hint-content-type': [ '4.2.27' ],
40 silly audit   '@hint/hint-create-element-svg': [ '1.3.27' ],
40 silly audit   '@hint/hint-css-prefix-order': [ '1.5.8' ],
40 silly audit   '@hint/hint-detect-css-reflows': [ '1.0.7' ],
40 silly audit   '@hint/hint-disown-opener': [ '4.0.23' ],
40 silly audit   '@hint/hint-highest-available-document-mode': [ '5.0.23' ],
40 silly audit   '@hint/hint-html-checker': [ '3.3.27' ],
40 silly audit   '@hint/hint-http-cache': [ '4.0.23' ],
40 silly audit   '@hint/hint-http-compression': [ '5.2.27' ],
40 silly audit   '@hint/hint-image-optimization-cloudinary': [ '3.2.27' ],
40 silly audit   '@hint/hint-leading-dot-classlist': [ '1.0.20' ],
40 silly audit   '@hint/hint-manifest-app-name': [ '2.4.29' ],
40 silly audit   '@hint/hint-manifest-exists': [ '2.4.29' ],
40 silly audit   '@hint/hint-manifest-file-extension': [ '3.0.24' ],
40 silly audit   '@hint/hint-manifest-is-valid': [ '3.4.20' ],
40 silly audit   '@hint/hint-meta-charset-utf-8': [ '4.0.23' ],
40 silly audit   '@hint/hint-meta-viewport': [ '5.0.23' ],
40 silly audit   '@hint/hint-no-bom': [ '4.2.27' ],
40 silly audit   '@hint/hint-no-disallowed-headers': [ '3.1.22' ],
40 silly audit   '@hint/hint-no-friendly-error-pages': [ '3.3.27' ],
40 silly audit   '@hint/hint-no-html-only-headers': [ '3.0.23' ],
40 silly audit   '@hint/hint-no-http-redirects': [ '3.0.23' ],
40 silly audit   '@hint/hint-no-inline-styles': [ '1.0.19' ],
40 silly audit   '@hint/hint-no-protocol-relative-urls': [ '3.1.7' ],
40 silly audit   '@hint/hint-no-vulnerable-javascript-libraries': [ '2.12.22' ],
40 silly audit   '@hint/hint-scoped-svg-styles': [ '1.3.28' ],
40 silly audit   '@hint/hint-sri': [ '4.0.23' ],
40 silly audit   '@hint/hint-ssllabs': [ '2.4.27' ],
40 silly audit   '@hint/hint-strict-transport-security': [ '3.0.23' ],
40 silly audit   '@hint/hint-stylesheet-limits': [ '3.3.27' ],
40 silly audit   '@hint/hint-typescript-config': [ '2.5.16' ],
40 silly audit   '@hint/hint-validate-set-cookie-header': [ '3.0.23' ],
40 silly audit   '@hint/hint-webpack-config': [ '2.4.30' ],
40 silly audit   '@hint/hint-x-content-type-options': [ '4.0.23' ],
40 silly audit   '@hint/parser-babel-config': [ '2.1.43' ],
40 silly audit   '@hint/parser-css': [ '3.0.39' ],
40 silly audit   '@hint/parser-html': [ '3.1.4' ],
40 silly audit   '@hint/parser-javascript': [ '3.1.25' ],
40 silly audit   '@hint/parser-jsx': [ '1.1.6' ],
40 silly audit   '@hint/parser-less': [ '1.0.31' ],
40 silly audit   '@hint/parser-manifest': [ '2.3.20' ],
40 silly audit   '@hint/parser-sass': [ '1.0.31' ],
40 silly audit   '@hint/parser-typescript': [ '1.0.26' ],
40 silly audit   '@hint/parser-typescript-config': [ '2.4.31' ],
40 silly audit   '@hint/parser-webpack-config': [ '2.1.42' ],
40 silly audit   '@hint/utils': [ '7.0.24' ],
40 silly audit   '@hint/utils-compat-data': [ '1.1.13' ],
40 silly audit   '@hint/utils-connector-tools': [ '4.0.42' ],
40 silly audit   '@hint/utils-css': [ '1.0.15' ],
40 silly audit   '@hint/utils-debug': [ '1.0.11' ],
40 silly audit   '@hint/utils-dom': [ '2.2.4' ],
40 silly audit   '@hint/utils-fs': [ '1.0.16' ],
40 silly audit   '@hint/utils-i18n': [ '1.0.15' ],
40 silly audit   '@hint/utils-json': [ '1.0.28' ],
40 silly audit   '@hint/utils-network': [ '1.0.27' ],
40 silly audit   '@hint/utils-string': [ '1.0.14' ],
40 silly audit   '@hint/utils-types': [ '1.2.1' ],
40 silly audit   '@isaacs/cliui': [ '8.0.2' ],
40 silly audit   'ansi-regex': [ '6.2.2', '5.0.1' ],
40 silly audit   'strip-ansi': [ '7.1.2', '6.0.1' ],
40 silly audit   '@mapbox/node-pre-gyp': [ '1.0.11' ],
40 silly audit   '@mdn/browser-compat-data': [ '5.7.6' ],
40 silly audit   '@nodelib/fs.scandir': [ '2.1.5' ],
40 silly audit   '@nodelib/fs.stat': [ '2.0.5' ],
40 silly audit   '@nodelib/fs.walk': [ '1.2.8' ],
40 silly audit   '@npmcli/fs': [ '3.1.1' ],
40 silly audit   '@pkgjs/parseargs': [ '0.11.0' ],
40 silly audit   '@sindresorhus/is': [ '4.6.0', '0.14.0' ],
40 silly audit   '@szmarczak/http-timer': [ '4.0.6', '1.1.2' ],
40 silly audit   '@tokenizer/token': [ '0.3.0' ],
40 silly audit   '@tootallnate/once': [ '2.0.0' ],
40 silly audit   '@types/cacheable-request': [ '6.0.3' ],
40 silly audit   '@types/estree': [ '1.0.8' ],
40 silly audit   '@types/estree-jsx': [ '0.0.1' ],
40 silly audit   '@types/http-cache-semantics': [ '4.2.0' ],
40 silly audit   '@types/keyv': [ '3.1.4' ],
40 silly audit   '@types/node': [ '25.3.0' ],
40 silly audit   '@types/parse5': [ '6.0.3' ],
40 silly audit   '@types/responselike': [ '1.0.3' ],
40 silly audit   '@types/yauzl': [ '2.10.3' ],
40 silly audit   '@typescript-eslint/types': [ '5.62.0' ],
40 silly audit   '@typescript-eslint/typescript-estree': [ '5.62.0' ],
40 silly audit   '@typescript-eslint/visitor-keys': [ '5.62.0' ],
40 silly audit   '@typescript/typescript-aix-ppc64': [ '7.0.2' ],
40 silly audit   '@typescript/typescript-darwin-arm64': [ '7.0.2' ],
40 silly audit   '@typescript/typescript-darwin-x64': [ '7.0.2' ],
40 silly audit   '@typescript/typescript-freebsd-arm64': [ '7.0.2' ],
40 silly audit   '@typescript/typescript-freebsd-x64': [ '7.0.2' ],
40 silly audit   '@typescript/typescript-linux-arm': [ '7.0.2' ],
40 silly audit   '@typescript/typescript-linux-arm64': [ '7.0.2' ],
40 silly audit   '@typescript/typescript-linux-loong64': [ '7.0.2' ],
40 silly audit   '@typescript/typescript-linux-mips64el': [ '7.0.2' ],
40 silly audit   '@typescript/typescript-linux-ppc64': [ '7.0.2' ],
40 silly audit   '@typescript/typescript-linux-riscv64': [ '7.0.2' ],
40 silly audit   '@typescript/typescript-linux-s390x': [ '7.0.2' ],
40 silly audit   '@typescript/typescript-linux-x64': [ '7.0.2' ],
40 silly audit   '@typescript/typescript-netbsd-arm64': [ '7.0.2' ],
40 silly audit   '@typescript/typescript-netbsd-x64': [ '7.0.2' ],
40 silly audit   '@typescript/typescript-openbsd-arm64': [ '7.0.2' ],
40 silly audit   '@typescript/typescript-openbsd-x64': [ '7.0.2' ],
40 silly audit   '@typescript/typescript-sunos-x64': [ '7.0.2' ],
40 silly audit   '@typescript/typescript-win32-arm64': [ '7.0.2' ],
40 silly audit   '@typescript/typescript-win32-x64': [ '7.0.2' ],
40 silly audit   abab: [ '2.0.6' ],
40 silly audit   abbrev: [ '1.1.1' ],
40 silly audit   'abort-controller': [ '3.0.0' ],
40 silly audit   acorn: [ '8.16.0' ],
40 silly audit   'acorn-globals': [ '7.0.1' ],
40 silly audit   'acorn-jsx': [ '5.3.2' ],
40 silly audit   'acorn-jsx-walk': [ '2.0.0' ],
40 silly audit   'acorn-walk': [ '8.3.5' ],
40 silly audit   'agent-base': [ '6.0.2' ],
40 silly audit   agentkeepalive: [ '4.6.0' ],
40 silly audit   'aggregate-error': [ '3.1.0' ],
40 silly audit   ajv: [ '8.18.0' ],
40 silly audit   'ajv-formats': [ '2.1.1' ],
40 silly audit   'ansi-align': [ '3.0.1' ],
40 silly audit   'emoji-regex': [ '8.0.0', '9.2.2' ],
40 silly audit   'string-width': [ '4.2.3', '5.1.2' ],
40 silly audit   'ansi-styles': [ '4.3.0', '6.2.3' ],
40 silly audit   anymatch: [ '3.1.3' ],
40 silly audit   aproba: [ '2.1.0' ],
40 silly audit   'are-we-there-yet': [ '2.0.0' ],
40 silly audit   'array-union': [ '2.1.0' ],
40 silly audit   async: [ '3.2.6' ],
40 silly audit   asynckit: [ '0.4.0' ],
40 silly audit   'axe-core': [ '4.11.1' ],
40 silly audit   'balanced-match': [ '1.0.2' ],
40 silly audit   'base64-js': [ '1.5.1' ],
40 silly audit   'baseline-browser-mapping': [ '2.10.0' ],
40 silly audit   bcp47: [ '1.1.2' ],
40 silly audit   'binary-extensions': [ '2.3.0' ],
40 silly audit   bl: [ '4.1.0' ],
40 silly audit   boolbase: [ '1.0.0' ],
40 silly audit   boxen: [ '5.1.2' ],
40 silly audit   'wrap-ansi': [ '7.0.0', '8.1.0' ],
40 silly audit   'brace-expansion': [ '2.0.2', '1.1.12' ],
40 silly audit   braces: [ '3.0.3' ],
40 silly audit   browserslist: [ '4.28.1' ],
40 silly audit   buffer: [ '5.7.1', '6.0.3' ],
40 silly audit   'buffer-crc32': [ '0.2.13' ],
40 silly audit   cacache: [ '17.1.4' ],
40 silly audit   minipass: [ '7.1.3', '5.0.0', '3.3.6' ],
40 silly audit   'cacheable-lookup': [ '5.0.4' ],
40 silly audit   'cacheable-request': [ '7.0.4', '6.1.0' ],
40 silly audit   'call-bind-apply-helpers': [ '1.0.2' ],
40 silly audit   camelcase: [ '6.3.0' ],
40 silly audit   'caniuse-lite': [ '1.0.30001770' ],
40 silly audit   canvas: [ '2.11.2' ],
40 silly audit   chalk: [ '4.1.2' ],
40 silly audit   chokidar: [ '3.6.0' ],
40 silly audit   chownr: [ '2.0.0', '1.1.4' ],
40 silly audit   'ci-info': [ '3.9.0', '2.0.0' ],
40 silly audit   'clean-stack': [ '2.2.0' ],
40 silly audit   'cli-boxes': [ '2.2.1' ],
40 silly audit   'cli-cursor': [ '3.1.0' ],
40 silly audit   'cli-spinners': [ '2.9.2' ],
40 silly audit   clone: [ '1.0.4' ],
40 silly audit   'clone-response': [ '1.0.3' ],
40 silly audit   cloudinary: [ '2.9.0' ],
40 silly audit   'color-convert': [ '2.0.1' ],
40 silly audit   'color-name': [ '1.1.4' ],
40 silly audit   'color-string': [ '1.9.1' ],
40 silly audit   'color-support': [ '1.1.3' ],
40 silly audit   'combined-stream': [ '1.0.8' ],
40 silly audit   'concat-map': [ '0.0.1' ],
40 silly audit   configstore: [ '5.0.1' ],
40 silly audit   'console-control-strings': [ '1.1.0' ],
40 silly audit   'content-type': [ '1.0.5' ],
40 silly audit   'cross-fetch': [ '3.1.5' ],
40 silly audit   'node-fetch': [ '2.6.7', '2.7.0' ],
40 silly audit   tr46: [ '0.0.3', '4.1.1', '3.0.0' ],
40 silly audit   'webidl-conversions': [ '3.0.1', '7.0.0' ],
40 silly audit   'whatwg-url': [ '5.0.0', '12.0.1', '11.0.0' ],
40 silly audit   'cross-spawn': [ '7.0.6' ],
40 silly audit   'crypto-random-string': [ '2.0.0' ],
40 silly audit   'css-select': [ '4.3.0' ],
40 silly audit   'css-what': [ '6.2.2' ],
40 silly audit   cssesc: [ '3.0.0' ],
40 silly audit   cssstyle: [ '3.0.0' ],
40 silly audit   'data-urls': [ '3.0.2', '4.0.0' ],
40 silly audit   debug: [ '4.3.4' ],
40 silly audit   'decimal.js': [ '10.6.0' ],
40 silly audit   'decompress-response': [ '6.0.0', '3.3.0', '4.2.1' ],
40 silly audit   'mimic-response': [ '3.1.0', '1.0.1', '2.1.0' ],
40 silly audit   'deep-extend': [ '0.6.0' ],
40 silly audit   'deep-is': [ '0.1.4' ],
40 silly audit   defaults: [ '1.0.4' ],
40 silly audit   'defer-to-connect': [ '2.0.1', '1.1.3' ],
40 silly audit   'delayed-stream': [ '1.0.0' ],
40 silly audit   delegates: [ '1.0.0' ],
40 silly audit   'detect-libc': [ '2.1.2' ],
40 silly audit   'devtools-protocol': [ '0.0.981744' ],
40 silly audit   'dir-glob': [ '3.0.1' ],
40 silly audit   'dom-serializer': [ '1.4.1' ],
40 silly audit   domelementtype: [ '2.3.0' ],
40 silly audit   domexception: [ '4.0.0' ],
40 silly audit   domhandler: [ '4.3.1' ],
40 silly audit   domutils: [ '2.8.0' ],
40 silly audit   'dot-prop': [ '5.3.0' ],
40 silly audit   'dunder-proto': [ '1.0.1' ],
40 silly audit   duplexer3: [ '0.1.5' ],
40 silly audit   eastasianwidth: [ '0.2.0' ],
40 silly audit   ejs: [ '3.1.10' ],
40 silly audit   'electron-to-chromium': [ '1.5.286' ],
40 silly audit   encoding: [ '0.1.13' ],
40 silly audit   'end-of-stream': [ '1.4.5' ],
40 silly audit   entities: [ '2.2.0', '6.0.1' ],
40 silly audit   'err-code': [ '2.0.3' ],
40 silly audit   'es-define-property': [ '1.0.1' ],
40 silly audit   'es-errors': [ '1.3.0' ],
40 silly audit   'es-object-atoms': [ '1.1.1' ],
40 silly audit   'es-set-tostringtag': [ '2.1.0' ],
40 silly audit   escalade: [ '3.2.0' ],
40 silly audit   'escape-goat': [ '2.1.1' ],
40 silly audit   escodegen: [ '2.1.0' ],
40 silly audit   'eslint-visitor-keys': [ '3.4.3' ],
40 silly audit   esprima: [ '4.0.1' ],
40 silly audit   estraverse: [ '5.3.0' ],
40 silly audit   esutils: [ '2.0.3' ],
40 silly audit   'event-target-shim': [ '5.0.1' ],
40 silly audit   eventemitter2: [ '6.4.9' ],
40 silly audit   events: [ '3.3.0' ],
40 silly audit   execa: [ '4.1.0' ],
40 silly audit   'extract-zip': [ '2.0.1' ],
40 silly audit   'fast-deep-equal': [ '3.1.3' ],
40 silly audit   'fast-glob': [ '3.3.3' ],
40 silly audit   'fast-levenshtein': [ '2.0.6' ],
40 silly audit   'fast-uri': [ '3.1.0' ],
40 silly audit   'fast-xml-parser': [ '4.5.3' ],
40 silly audit   fastq: [ '1.20.1' ],
40 silly audit   'fd-slicer': [ '1.1.0' ],
40 silly audit   'file-type': [ '16.5.4' ],
40 silly audit   filelist: [ '1.0.4' ],
40 silly audit   'fill-range': [ '7.1.1' ],
40 silly audit   'find-up': [ '4.1.0' ],
40 silly audit   'foreground-child': [ '3.3.1' ],
40 silly audit   'signal-exit': [ '4.1.0', '3.0.7' ],
40 silly audit   'form-data': [ '4.0.5' ],
40 silly audit   'fs-constants': [ '1.0.0' ],
40 silly audit   'fs-extra': [ '11.3.3' ],
40 silly audit   'fs-minipass': [ '3.0.3', '2.1.0' ],
40 silly audit   'fs.realpath': [ '1.0.0' ],
40 silly audit   fsevents: [ '2.3.3' ],
40 silly audit   'function-bind': [ '1.1.2' ],
40 silly audit   gauge: [ '3.0.2' ],
40 silly audit   'get-intrinsic': [ '1.3.0' ],
40 silly audit   'get-proto': [ '1.0.1' ],
40 silly audit   'get-stream': [ '5.2.0', '4.1.0' ],
40 silly audit   glob: [ '10.5.0', '7.2.3' ],
40 silly audit   'glob-parent': [ '5.1.2' ],
40 silly audit   minimatch: [ '9.0.5', '5.1.6', '3.1.2' ],
40 silly audit   'global-dirs': [ '3.0.1' ],
40 silly audit   globby: [ '11.1.0' ],
40 silly audit   'gonzales-pe': [ '4.3.0' ],
40 silly audit   gopd: [ '1.2.0' ],
40 silly audit   got: [ '11.8.6', '9.6.0' ],
40 silly audit   'graceful-fs': [ '4.2.11' ],
40 silly audit   'has-flag': [ '4.0.0' ],
40 silly audit   'has-symbols': [ '1.1.0' ],
40 silly audit   'has-tostringtag': [ '1.0.2' ],
40 silly audit   'has-unicode': [ '2.0.1' ],
40 silly audit   'has-yarn': [ '2.1.0' ],
40 silly audit   hasown: [ '2.0.2' ],
40 silly audit   'hosted-git-info': [ '6.1.3' ],
40 silly audit   'html-encoding-sniffer': [ '3.0.0' ],
40 silly audit   'http-cache-semantics': [ '4.2.0' ],
40 silly audit   'http-proxy-agent': [ '5.0.0' ],
40 silly audit   'http2-wrapper': [ '1.0.3' ],
40 silly audit   https: [ '1.0.0' ],
40 silly audit   'https-proxy-agent': [ '5.0.1' ],
40 silly audit   'human-signals': [ '1.1.1' ],
40 silly audit   'humanize-ms': [ '1.2.1' ],
40 silly audit   'iconv-lite': [ '0.6.3' ],
40 silly audit   ieee754: [ '1.2.1' ],
40 silly audit   ignore: [ '5.3.2' ],
40 silly audit   'image-size': [ '1.2.1' ],
40 silly audit   'import-lazy': [ '2.1.0' ],
40 silly audit   imurmurhash: [ '0.1.4' ],
40 silly audit   'indent-string': [ '4.0.0' ],
40 silly audit   inflight: [ '1.0.6' ],
40 silly audit   inherits: [ '2.0.4' ],
40 silly audit   ini: [ '2.0.0', '1.3.8' ],
40 silly audit   'invert-kv': [ '3.0.1' ],
40 silly audit   'ip-address': [ '10.1.0' ],
40 silly audit   'is-arrayish': [ '0.3.4' ],
40 silly audit   'is-binary-path': [ '2.1.0' ],
40 silly audit   'is-ci': [ '3.0.1', '2.0.0' ],
40 silly audit   'is-docker': [ '2.2.1' ],
40 silly audit   'is-extglob': [ '2.1.1' ],
40 silly audit   'is-fullwidth-code-point': [ '3.0.0' ],
40 silly audit   'is-glob': [ '4.0.3' ],
40 silly audit   'is-installed-globally': [ '0.4.0' ],
40 silly audit   'is-interactive': [ '1.0.0' ],
40 silly audit   'is-lambda': [ '1.0.1' ],
40 silly audit   'is-npm': [ '5.0.0' ],
40 silly audit   'is-number': [ '7.0.0' ],
40 silly audit   'is-obj': [ '2.0.0' ],
40 silly audit   'is-path-inside': [ '3.0.3' ],
40 silly audit   'is-potential-custom-element-name': [ '1.0.1' ],
40 silly audit   'is-stream': [ '2.0.1' ],
40 silly audit   'is-svg': [ '4.4.0' ],
40 silly audit   'is-typedarray': [ '1.0.0' ],
40 silly audit   'is-unicode-supported': [ '0.1.0' ],
40 silly audit   'is-wsl': [ '2.2.0' ],
40 silly audit   'is-yarn-global': [ '0.3.0' ],
40 silly audit   isexe: [ '2.0.0' ],
40 silly audit   jackspeak: [ '3.4.3' ],
40 silly audit   jake: [ '10.9.4' ],
40 silly audit   'js-library-detector': [ '6.7.0' ],
40 silly audit   jsdom: [ '21.1.2' ],
40 silly audit   parse5: [ '7.3.0', '6.0.1' ],
40 silly audit   'json-buffer': [ '3.0.1', '3.0.0' ],
40 silly audit   'json-schema-traverse': [ '1.0.0' ],
40 silly audit   'jsonc-parser': [ '3.3.1' ],
40 silly audit   jsonfile: [ '6.2.0' ],
40 silly audit   jsonparse: [ '1.3.1' ],
40 silly audit   keyv: [ '4.5.4', '3.1.0' ],
40 silly audit   'latest-version': [ '5.1.0' ],
40 silly audit   lcid: [ '3.1.1' ],
40 silly audit   levn: [ '0.4.1' ],
40 silly audit   'locate-path': [ '5.0.0' ],
40 silly audit   lockfile: [ '1.0.4' ],
40 silly audit   lodash: [ '4.17.23' ],
40 silly audit   'log-symbols': [ '4.1.0' ],
40 silly audit   'lowercase-keys': [ '2.0.0', '1.0.1' ],
40 silly audit   'lru-cache': [ '7.18.3', '10.4.3' ],
40 silly audit   'make-dir': [ '3.1.0' ],
40 silly audit   semver: [ '6.3.1', '7.7.4' ],
40 silly audit   'make-fetch-happen': [ '11.1.1' ],
40 silly audit   'map-age-cleaner': [ '0.1.3' ],
40 silly audit   'math-intrinsics': [ '1.1.0' ],
40 silly audit   'mdn-data': [ '2.27.1' ],
40 silly audit   mem: [ '5.1.1' ],
40 silly audit   'merge-stream': [ '2.0.0' ],
40 silly audit   merge2: [ '1.4.1' ],
40 silly audit   'metaviewport-parser': [ '0.3.0' ],
40 silly audit   micromatch: [ '4.0.8' ],
40 silly audit   'mime-db': [ '1.52.0' ],
40 silly audit   'mime-types': [ '2.1.35' ],
40 silly audit   'mimic-fn': [ '2.1.0' ],
40 silly audit   minimist: [ '1.2.8' ],
40 silly audit   'minipass-collect': [ '1.0.2' ],
40 silly audit   'minipass-fetch': [ '3.0.5' ],
40 silly audit   'minipass-flush': [ '1.0.5' ],
40 silly audit   'minipass-json-stream': [ '1.0.2' ],
40 silly audit   'minipass-pipeline': [ '1.2.4' ],
40 silly audit   'minipass-sized': [ '1.0.3' ],
40 silly audit   minizlib: [ '2.1.2' ],
40 silly audit   mkdirp: [ '1.0.4' ],
40 silly audit   'mkdirp-classic': [ '0.5.3' ],
40 silly audit   ms: [ '2.1.2' ],
40 silly audit   'mutationobserver-shim': [ '0.3.7' ],
40 silly audit   nan: [ '2.25.0' ],
40 silly audit   nanoid: [ '3.3.11' ],
40 silly audit   negotiator: [ '0.6.4' ],
40 silly audit   'node-releases': [ '2.0.27' ],
40 silly audit   nopt: [ '5.0.0' ],
40 silly audit   'normalize-path': [ '3.0.0' ],
40 silly audit   'normalize-url': [ '6.1.0', '4.5.1' ],
40 silly audit   'npm-package-arg': [ '10.1.0' ],
40 silly audit   'npm-registry-fetch': [ '14.0.5' ],
40 silly audit   'npm-run-path': [ '4.0.1' ],
40 silly audit   npmlog: [ '5.0.1' ],
40 silly audit   'nth-check': [ '2.1.1' ],
40 silly audit   nwsapi: [ '2.2.23' ],
40 silly audit   'object-assign': [ '4.1.1' ],
40 silly audit   once: [ '1.4.0' ],
40 silly audit   onetime: [ '5.1.2' ],
40 silly audit   optionator: [ '0.9.4' ],
40 silly audit   ora: [ '5.4.1' ],
40 silly audit   'os-locale': [ '5.0.0' ],
40 silly audit   'p-cancelable': [ '2.1.1', '1.1.0' ],
40 silly audit   'p-defer': [ '1.0.0' ],
40 silly audit   'p-is-promise': [ '2.1.0' ],
40 silly audit   'p-limit': [ '2.3.0' ],
40 silly audit   'p-locate': [ '4.1.0' ],
40 silly audit   'p-map': [ '4.0.0' ],
40 silly audit   'p-try': [ '2.2.0' ],
40 silly audit   'package-json': [ '6.5.0' ],
40 silly audit   'package-json-from-dist': [ '1.0.1' ],
40 silly audit   responselike: [ '1.0.2', '2.0.1' ],
40 silly audit   'parse5-htmlparser2-tree-adapter': [ '6.0.1' ],
40 silly audit   'path-exists': [ '4.0.0' ],
40 silly audit   'path-is-absolute': [ '1.0.1' ],
40 silly audit   'path-key': [ '3.1.1' ],
40 silly audit   'path-scurry': [ '1.11.1' ],
40 silly audit   'path-type': [ '4.0.0' ],
40 silly audit   'peek-readable': [ '4.1.0' ],
40 silly audit   pend: [ '1.2.0' ],
40 silly audit   picocolors: [ '1.1.1' ],
40 silly audit   picomatch: [ '2.3.1' ],
40 silly audit   'pkg-dir': [ '4.2.0' ],
40 silly audit   postcss: [ '8.5.6' ],
40 silly audit   'postcss-less': [ '5.0.0' ],
40 silly audit   'postcss-safe-parser': [ '6.0.0' ],
40 silly audit   'postcss-sass': [ '0.5.0' ],
40 silly audit   'postcss-scss': [ '4.0.9' ],
40 silly audit   'postcss-selector-parser': [ '6.1.2' ],
40 silly audit   'postcss-value-parser': [ '4.2.0' ],
40 silly audit   'prelude-ls': [ '1.2.1' ],
40 silly audit   'prepend-http': [ '2.0.0' ],
40 silly audit   'proc-log': [ '3.0.0' ],
40 silly audit   process: [ '0.11.10' ],
40 silly audit   progress: [ '2.0.3' ],
40 silly audit   'promise-retry': [ '2.0.1' ],
40 silly audit   'proxy-from-env': [ '1.1.0' ],
40 silly audit   psl: [ '1.15.0' ],
40 silly audit   pump: [ '3.0.3' ],
40 silly audit   punycode: [ '2.3.1' ],
40 silly audit   pupa: [ '2.1.1' ],
40 silly audit   'puppeteer-core': [ '13.7.0' ],
40 silly audit   ws: [ '8.5.0', '8.19.0' ],
40 silly audit   querystringify: [ '2.2.0' ],
40 silly audit   queue: [ '6.0.2' ],
40 silly audit   'queue-microtask': [ '1.2.3' ],
40 silly audit   'quick-lru': [ '5.1.1' ],
40 silly audit   rc: [ '1.2.8' ],
40 silly audit   'readable-stream': [ '3.6.2', '4.7.0' ],
40 silly audit   'readable-web-to-node-stream': [ '3.0.4' ],
40 silly audit   readdirp: [ '3.6.0' ],
40 silly audit   'registry-auth-token': [ '4.2.2' ],
40 silly audit   'registry-url': [ '5.1.0' ],
40 silly audit   'require-from-string': [ '2.0.2' ],
40 silly audit   'requires-port': [ '1.0.0' ],
40 silly audit   'resolve-alpn': [ '1.2.1' ],
40 silly audit   'restore-cursor': [ '3.1.0' ],
40 silly audit   retry: [ '0.12.0' ],
40 silly audit   reusify: [ '1.1.0' ],
40 silly audit   rimraf: [ '3.0.2' ],
40 silly audit   'rrweb-cssom': [ '0.6.0' ],
40 silly audit   'run-parallel': [ '1.2.0' ],
40 silly audit   'safe-buffer': [ '5.2.1' ],
40 silly audit   'safer-buffer': [ '2.1.2' ],
40 silly audit   saxes: [ '6.0.0' ],
40 silly audit   'semver-diff': [ '3.1.1' ],
40 silly audit   'set-blocking': [ '2.0.0' ],
40 silly audit   setimmediate: [ '1.0.5' ],
40 silly audit   'shebang-command': [ '2.0.0' ],
40 silly audit   'shebang-regex': [ '3.0.0' ],
40 silly audit   'simple-concat': [ '1.0.1' ],
40 silly audit   'simple-get': [ '3.1.1' ],
40 silly audit   'simple-swizzle': [ '0.2.4' ],
40 silly audit   slash: [ '3.0.0' ],
40 silly audit   'smart-buffer': [ '4.2.0' ],
40 silly audit   socks: [ '2.8.7' ],
40 silly audit   'socks-proxy-agent': [ '7.0.0' ],
40 silly audit   'source-map': [ '0.6.1' ],
40 silly audit   'source-map-js': [ '1.2.1' ],
40 silly audit   ssri: [ '10.0.6' ],
40 silly audit   string_decoder: [ '1.3.0' ],
40 silly audit   'strip-final-newline': [ '2.0.0' ],
40 silly audit   'strip-json-comments': [ '2.0.1' ],
40 silly audit   strnum: [ '1.1.2' ],
40 silly audit   strtok3: [ '6.3.0' ],
40 silly audit   'supports-color': [ '7.2.0' ],
40 silly audit   'symbol-tree': [ '3.2.4' ],
40 silly audit   tar: [ '6.2.1' ],
40 silly audit   'tar-fs': [ '2.1.1' ],
40 silly audit   'tar-stream': [ '2.2.0' ],
40 silly audit   'text-table': [ '0.2.0' ],
40 silly audit   through: [ '2.3.8' ],
40 silly audit   'to-readable-stream': [ '1.0.0' ],
40 silly audit   'to-regex-range': [ '5.0.1' ],
40 silly audit   'token-types': [ '4.2.1' ],
40 silly audit   'tough-cookie': [ '4.1.4' ],
40 silly audit   universalify: [ '0.2.0', '2.0.1' ],
40 silly audit   tslib: [ '1.14.1' ],
40 silly audit   tsutils: [ '3.21.0' ],
40 silly audit   'type-check': [ '0.4.0' ],
40 silly audit   'type-fest': [ '0.20.2' ],
40 silly audit   'typedarray-to-buffer': [ '3.1.5' ],
40 silly audit   'unbzip2-stream': [ '1.4.3' ],
40 silly audit   'undici-types': [ '7.18.2' ],
40 silly audit   'unique-filename': [ '3.0.0' ],
40 silly audit   'unique-slug': [ '4.0.0' ],
40 silly audit   'unique-string': [ '2.0.0' ],
40 silly audit   'update-browserslist-db': [ '1.2.3' ],
40 silly audit   'update-notifier': [ '5.1.0' ],
40 silly audit   'url-parse': [ '1.5.10' ],
40 silly audit   'url-parse-lax': [ '3.0.0' ],
40 silly audit   'util-deprecate': [ '1.0.2' ],
40 silly audit   'validate-npm-package-name': [ '5.0.1' ],
40 silly audit   'w3c-xmlserializer': [ '4.0.0' ],
40 silly audit   wcwidth: [ '1.0.1' ],
40 silly audit   'whatwg-encoding': [ '2.0.0' ],
40 silly audit   'whatwg-mimetype': [ '3.0.0' ],
40 silly audit   which: [ '2.0.2' ],
40 silly audit   'wide-align': [ '1.1.5' ],
40 silly audit   'widest-line': [ '3.1.0' ],
40 silly audit   'word-wrap': [ '1.2.5' ],
40 silly audit   wrappy: [ '1.0.2' ],
40 silly audit   'write-file-atomic': [ '3.0.3' ],
40 silly audit   'xdg-basedir': [ '4.0.0' ],
40 silly audit   'xml-name-validator': [ '4.0.0' ],
40 silly audit   xmlchars: [ '2.2.0' ],
40 silly audit   yallist: [ '4.0.0' ],
40 silly audit   yauzl: [ '2.10.0' ],
40 silly audit   '@hint/configuration-development': [ '8.3.20' ],
40 silly audit   hint: [ '7.1.13' ],
40 silly audit   typescript: [ '7.0.2' ]
40 silly audit }
41 http cache simple-get@https://registry.npmjs.org/simple-get/-/simple-get-3.1.1.tgz 0ms (cache hit)
42 http cache wide-align@https://registry.npmjs.org/wide-align/-/wide-align-1.1.5.tgz 0ms (cache hit)
43 http cache simple-concat@https://registry.npmjs.org/simple-concat/-/simple-concat-1.0.1.tgz 0ms (cache hit)
44 http cache set-blocking@https://registry.npmjs.org/set-blocking/-/set-blocking-2.0.0.tgz 0ms (cache hit)
45 http cache object-assign@https://registry.npmjs.org/object-assign/-/object-assign-4.1.1.tgz 0ms (cache hit)
46 http cache nopt@https://registry.npmjs.org/nopt/-/nopt-5.0.0.tgz 0ms (cache hit)
47 http cache nan@https://registry.npmjs.org/nan/-/nan-2.25.0.tgz 0ms (cache hit)
48 http cache npmlog@https://registry.npmjs.org/npmlog/-/npmlog-5.0.1.tgz 0ms (cache hit)
49 http cache has-unicode@https://registry.npmjs.org/has-unicode/-/has-unicode-2.0.1.tgz 0ms (cache hit)
50 http cache gauge@https://registry.npmjs.org/gauge/-/gauge-3.0.2.tgz 0ms (cache hit)
51 http cache delegates@https://registry.npmjs.org/delegates/-/delegates-1.0.0.tgz 0ms (cache hit)
52 http cache console-control-strings@https://registry.npmjs.org/console-control-strings/-/console-control-strings-1.1.0.tgz 0ms (cache hit)
53 http cache color-support@https://registry.npmjs.org/color-support/-/color-support-1.1.3.tgz 0ms (cache hit)
54 http cache detect-libc@https://registry.npmjs.org/detect-libc/-/detect-libc-2.1.2.tgz 0ms (cache hit)
55 http cache canvas@https://registry.npmjs.org/canvas/-/canvas-2.11.2.tgz 0ms (cache hit)
56 http cache are-we-there-yet@https://registry.npmjs.org/are-we-there-yet/-/are-we-there-yet-2.0.0.tgz 0ms (cache hit)
57 http cache aproba@https://registry.npmjs.org/aproba/-/aproba-2.1.0.tgz 0ms (cache hit)
58 http cache abbrev@https://registry.npmjs.org/abbrev/-/abbrev-1.1.1.tgz 0ms (cache hit)
59 http cache @mapbox/node-pre-gyp@https://registry.npmjs.org/@mapbox/node-pre-gyp/-/node-pre-gyp-1.0.11.tgz 0ms (cache hit)
60 http cache mimic-response@https://registry.npmjs.org/mimic-response/-/mimic-response-2.1.0.tgz 0ms (cache hit)
61 http cache emoji-regex@https://registry.npmjs.org/emoji-regex/-/emoji-regex-8.0.0.tgz 0ms (cache hit)
62 http cache string-width@https://registry.npmjs.org/string-width/-/string-width-4.2.3.tgz 0ms (cache hit)
63 http cache emoji-regex@https://registry.npmjs.org/emoji-regex/-/emoji-regex-8.0.0.tgz 0ms (cache hit)
64 http cache string-width@https://registry.npmjs.org/string-width/-/string-width-4.2.3.tgz 0ms (cache hit)
65 http cache decompress-response@https://registry.npmjs.org/decompress-response/-/decompress-response-4.2.1.tgz 0ms (cache hit)
66 warn deprecated npmlog@5.0.1: This package is no longer supported.
67 warn deprecated are-we-there-yet@2.0.0: This package is no longer supported.
68 warn deprecated gauge@3.0.2: This package is no longer supported.
69 info run canvas@2.11.2 install node_modules/canvas node-pre-gyp install --fallback-to-build --update-binary
70 http fetch POST 200 https://registry.npmjs.org/-/npm/v1/security/advisories/bulk 390ms
71 silly audit report {
71 silly audit report   '@tootallnate/once': [
71 silly audit report     {
71 silly audit report       id: 1119438,
71 silly audit report       url: 'https://github.com/advisories/GHSA-vpq2-c234-7xj6',
71 silly audit report       title: '@tootallnate/once vulnerable to Incorrect Control Flow Scoping',
71 silly audit report       severity: 'low',
71 silly audit report       vulnerable_versions: '<2.0.1',
71 silly audit report       cwe: [Array],
71 silly audit report       cvss: [Object]
71 silly audit report     }
71 silly audit report   ],
71 silly audit report   'brace-expansion': [
71 silly audit report     {
71 silly audit report       id: 1115540,
71 silly audit report       url: 'https://github.com/advisories/GHSA-f886-m6hf-6m8v',
71 silly audit report       title: 'brace-expansion: Zero-step sequence causes process hang and memory exhaustion',
71 silly audit report       severity: 'moderate',
71 silly audit report       vulnerable_versions: '<1.1.13',
71 silly audit report       cwe: [Array],
71 silly audit report       cvss: [Object]
71 silly audit report     },
71 silly audit report     {
71 silly audit report       id: 1115541,
71 silly audit report       url: 'https://github.com/advisories/GHSA-f886-m6hf-6m8v',
71 silly audit report       title: 'brace-expansion: Zero-step sequence causes process hang and memory exhaustion',
71 silly audit report       severity: 'moderate',
71 silly audit report       vulnerable_versions: '>=2.0.0 <2.0.3',
71 silly audit report       cwe: [Array],
71 silly audit report       cvss: [Object]
71 silly audit report     },
71 silly audit report     {
71 silly audit report       id: 1123896,
71 silly audit report       url: 'https://github.com/advisories/GHSA-3jxr-9vmj-r5cp',
71 silly audit report       title: 'brace-expansion: DoS via exponential-time expansion of consecutive non-expanding {} groups',
71 silly audit report       severity: 'high',
71 silly audit report       vulnerable_versions: '>=2.0.0 <2.1.2',
71 silly audit report       cwe: [Array],
71 silly audit report       cvss: [Object]
71 silly audit report     },
71 silly audit report     {
71 silly audit report       id: 1123897,
71 silly audit report       url: 'https://github.com/advisories/GHSA-3jxr-9vmj-r5cp',
71 silly audit report       title: 'brace-expansion: DoS via exponential-time expansion of consecutive non-expanding {} groups',
71 silly audit report       severity: 'high',
71 silly audit report       vulnerable_versions: '<1.1.16',
71 silly audit report       cwe: [Array],
71 silly audit report       cvss: [Object]
71 silly audit report     },
71 silly audit report     {
71 silly audit report       id: 1124334,
71 silly audit report       url: 'https://github.com/advisories/GHSA-mh99-v99m-4gvg',
71 silly audit report       title: 'brace-expansion: DoS via unbounded expansion length causing an out-of-memory process crash',
71 silly audit report       severity: 'high',
71 silly audit report       vulnerable_versions: '<=5.0.7',
71 silly audit report       cwe: [Array],
71 silly audit report       cvss: [Object]
71 silly audit report     }
71 silly audit report   ],
71 silly audit report   'fast-uri': [
71 silly audit report     {
71 silly audit report       id: 1129974,
71 silly audit report       url: 'https://github.com/advisories/GHSA-4c8g-83qw-93j6',
71 silly audit report       title: 'fast-uri vulnerable to host confusion via failed IDN canonicalization',
71 silly audit report       severity: 'high',
71 silly audit report       vulnerable_versions: '>=3.0.0 <3.1.3',
71 silly audit report       cwe: [Array],
71 silly audit report       cvss: [Object]
71 silly audit report     },
71 silly audit report     {
71 silly audit report       id: 1117884,
71 silly audit report       url: 'https://github.com/advisories/GHSA-v39h-62p7-jpjc',
71 silly audit report       title: 'fast-uri vulnerable to host confusion via percent-encoded authority delimiters',
71 silly audit report       severity: 'high',
71 silly audit report       vulnerable_versions: '<=3.1.1',
71 silly audit report       cwe: [Array],
71 silly audit report       cvss: [Object]
71 silly audit report     },
71 silly audit report     {
71 silly audit report       id: 1117870,
71 silly audit report       url: 'https://github.com/advisories/GHSA-q3j6-qgpj-74h6',
71 silly audit report       title: 'fast-uri vulnerable to path traversal via percent-encoded dot segments',
71 silly audit report       severity: 'high',
71 silly audit report       vulnerable_versions: '<=3.1.0',
71 silly audit report       cwe: [Array],
71 silly audit report       cvss: [Object]
71 silly audit report     },
71 silly audit report     {
71 silly audit report       id: 1124064,
71 silly audit report       url: 'https://github.com/advisories/GHSA-v2hh-gcrm-f6hx',
71 silly audit report       title: 'fast-uri vulnerable to host confusion via literal backslash authority delimiter',
71 silly audit report       severity: 'high',
71 silly audit report       vulnerable_versions: '>=3.0.0 <=3.1.3',
71 silly audit report       cwe: [Array],
71 silly audit report       cvss: [Object]
71 silly audit report     }
71 silly audit report   ],
71 silly audit report   'fast-xml-parser': [
71 silly audit report     {
71 silly audit report       id: 1117911,
71 silly audit report       url: 'https://github.com/advisories/GHSA-gh4j-gqv2-49f6',
71 silly audit report       title: 'fast-xml-parser XMLBuilder: XML Comment and CDATA Injection via Unescaped Delimiters',
71 silly audit report       severity: 'moderate',
71 silly audit report       vulnerable_versions: '<5.7.0',
71 silly audit report       cwe: [Array],
71 silly audit report       cvss: [Object]
71 silly audit report     },
71 silly audit report     {
71 silly audit report       id: 1113567,
71 silly audit report       url: 'https://github.com/advisories/GHSA-m7jm-9gc2-mpf2',
71 silly audit report       title: 'fast-xml-parser has an entity encoding bypass via regex injection in DOCTYPE entity names',
71 silly audit report       severity: 'critical',
71 silly audit report       vulnerable_versions: '>=4.1.3 <4.5.4',
71 silly audit report       cwe: [Array],
71 silly audit report       cvss: [Object]
71 silly audit report     },
71 silly audit report     {
71 silly audit report       id: 1113570,
71 silly audit report       url: 'https://github.com/advisories/GHSA-jmr7-xgp7-cmfj',
71 silly audit report       title: 'fast-xml-parser affected by DoS through entity expansion in DOCTYPE (no expansion limit)',
71 silly audit report       severity: 'high',
71 silly audit report       vulnerable_versions: '>=4.1.3 <4.5.4',
71 silly audit report       cwe: [Array],
71 silly audit report       cvss: [Object]
71 silly audit report     },
71 silly audit report     {
71 silly audit report       id: 1114149,
71 silly audit report       url: 'https://github.com/advisories/GHSA-fj3w-jwp8-x2g3',
71 silly audit report       title: 'fast-xml-parser has stack overflow in XMLBuilder with preserveOrder',
71 silly audit report       severity: 'low',
71 silly audit report       vulnerable_versions: '>=4.0.0-beta.0 <4.5.4',
71 silly audit report       cwe: [Array],
71 silly audit report       cvss: [Object]
71 silly audit report     },
71 silly audit report     {
71 silly audit report       id: 1115338,
71 silly audit report       url: 'https://github.com/advisories/GHSA-8gc5-j5rx-235r',
71 silly audit report       title: 'fast-xml-parser affected by numeric entity expansion bypassing all entity expansion limits (incomplete fix for CVE-2026-26278)',
71 silly audit report       severity: 'high',
71 silly audit report       vulnerable_versions: '>=4.0.0-beta.3 <4.5.5',
71 silly audit report       cwe: [Array],
71 silly audit report       cvss: [Object]
71 silly audit report     },
71 silly audit report     {
71 silly audit report       id: 1116308,
71 silly audit report       url: 'https://github.com/advisories/GHSA-jp2q-39xq-3w4g',
71 silly audit report       title: 'Entity Expansion Limits Bypassed When Set to Zero Due to JavaScript Falsy Evaluation in fast-xml-parser',
71 silly audit report       severity: 'moderate',
71 silly audit report       vulnerable_versions: '>=4.0.0-beta.3 <4.5.5',
71 silly audit report       cwe: [Array],
71 silly audit report       cvss: [Object]
71 silly audit report     }
71 silly audit report   ],
71 silly audit report   'file-type': [
71 silly audit report     {
71 silly audit report       id: 1114301,
71 silly audit report       url: 'https://github.com/advisories/GHSA-5v7r-6r5c-r473',
71 silly audit report       title: 'file-type affected by infinite loop in ASF parser on malformed input with zero-size sub-header',
71 silly audit report       severity: 'moderate',
71 silly audit report       vulnerable_versions: '>=13.0.0 <21.3.1',
71 silly audit report       cwe: [Array],
71 silly audit report       cvss: [Object]
71 silly audit report     }
71 silly audit report   ],
71 silly audit report   'form-data': [
71 silly audit report     {
71 silly audit report       id: 1120743,
71 silly audit report       url: 'https://github.com/advisories/GHSA-hmw2-7cc7-3qxx',
71 silly audit report       title: 'form-data: CRLF injection in form-data via unescaped multipart field names and filenames',
71 silly audit report       severity: 'high',
71 silly audit report       vulnerable_versions: '>=4.0.0 <4.0.6',
71 silly audit report       cwe: [Array],
71 silly audit report       cvss: [Object]
71 silly audit report     }
71 silly audit report   ],
71 silly audit report   minimatch: [
71 silly audit report     {
71 silly audit report       id: 1113459,
71 silly audit report       url: 'https://github.com/advisories/GHSA-3ppc-4f35-3m26',
71 silly audit report       title: 'minimatch has a ReDoS via repeated wildcards with non-matching literal in pattern',
71 silly audit report       severity: 'high',
71 silly audit report       vulnerable_versions: '<3.1.3',
71 silly audit report       cwe: [Array],
71 silly audit report       cvss: [Object]
71 silly audit report     },
71 silly audit report     {
71 silly audit report       id: 1113461,
71 silly audit report       url: 'https://github.com/advisories/GHSA-3ppc-4f35-3m26',
71 silly audit report       title: 'minimatch has a ReDoS via repeated wildcards with non-matching literal in pattern',
71 silly audit report       severity: 'high',
71 silly audit report       vulnerable_versions: '>=5.0.0 <5.1.7',
71 silly audit report       cwe: [Array],
71 silly audit report       cvss: [Object]
71 silly audit report     },
71 silly audit report     {
71 silly audit report       id: 1113465,
71 silly audit report       url: 'https://github.com/advisories/GHSA-3ppc-4f35-3m26',
71 silly audit report       title: 'minimatch has a ReDoS via repeated wildcards with non-matching literal in pattern',
71 silly audit report       severity: 'high',
71 silly audit report       vulnerable_versions: '>=9.0.0 <9.0.6',
71 silly audit report       cwe: [Array],
71 silly audit report       cvss: [Object]
71 silly audit report     },
71 silly audit report     {
71 silly audit report       id: 1113538,
71 silly audit report       url: 'https://github.com/advisories/GHSA-7r86-cg39-jmmj',
71 silly audit report       title: 'minimatch has ReDoS: matchOne() combinatorial backtracking via multiple non-adjacent GLOBSTAR segments',
71 silly audit report       severity: 'high',
71 silly audit report       vulnerable_versions: '<3.1.3',
71 silly audit report       cwe: [Array],
71 silly audit report       cvss: [Object]
71 silly audit report     },
71 silly audit report     {
71 silly audit report       id: 1113540,
71 silly audit report       url: 'https://github.com/advisories/GHSA-7r86-cg39-jmmj',
71 silly audit report       title: 'minimatch has ReDoS: matchOne() combinatorial backtracking via multiple non-adjacent GLOBSTAR segments',
71 silly audit report       severity: 'high',
71 silly audit report       vulnerable_versions: '>=5.0.0 <5.1.8',
71 silly audit report       cwe: [Array],
71 silly audit report       cvss: [Object]
71 silly audit report     },
71 silly audit report     {
71 silly audit report       id: 1113544,
71 silly audit report       url: 'https://github.com/advisories/GHSA-7r86-cg39-jmmj',
71 silly audit report       title: 'minimatch has ReDoS: matchOne() combinatorial backtracking via multiple non-adjacent GLOBSTAR segments',
71 silly audit report       severity: 'high',
71 silly audit report       vulnerable_versions: '>=9.0.0 <9.0.7',
71 silly audit report       cwe: [Array],
71 silly audit report       cvss: [Object]
71 silly audit report     },
71 silly audit report     {
71 silly audit report       id: 1113546,
71 silly audit report       url: 'https://github.com/advisories/GHSA-23c5-xmqv-rm74',
71 silly audit report       title: 'minimatch ReDoS: nested *() extglobs generate catastrophically backtracking regular expressions',
71 silly audit report       severity: 'high',
71 silly audit report       vulnerable_versions: '<3.1.4',
71 silly audit report       cwe: [Array],
71 silly audit report       cvss: [Object]
71 silly audit report     },
71 silly audit report     {
71 silly audit report       id: 1113548,
71 silly audit report       url: 'https://github.com/advisories/GHSA-23c5-xmqv-rm74',
71 silly audit report       title: 'minimatch ReDoS: nested *() extglobs generate catastrophically backtracking regular expressions',
71 silly audit report       severity: 'high',
71 silly audit report       vulnerable_versions: '>=5.0.0 <5.1.8',
71 silly audit report       cwe: [Array],
71 silly audit report       cvss: [Object]
71 silly audit report     },
71 silly audit report     {
71 silly audit report       id: 1113552,
71 silly audit report       url: 'https://github.com/advisories/GHSA-23c5-xmqv-rm74',
71 silly audit report       title: 'minimatch ReDoS: nested *() extglobs generate catastrophically backtracking regular expressions',
71 silly audit report       severity: 'high',
71 silly audit report       vulnerable_versions: '>=9.0.0 <9.0.7',
71 silly audit report       cwe: [Array],
71 silly audit report       cvss: [Object]
71 silly audit report     }
71 silly audit report   ],
71 silly audit report   got: [
71 silly audit report     {
71 silly audit report       id: 1088948,
71 silly audit report       url: 'https://github.com/advisories/GHSA-pfrx-2q88-qq97',
71 silly audit report       title: 'Got allows a redirect to a UNIX socket',
71 silly audit report       severity: 'moderate',
71 silly audit report       vulnerable_versions: '<11.8.5',
71 silly audit report       cwe: [],
71 silly audit report       cvss: [Object]
71 silly audit report     }
71 silly audit report   ],
71 silly audit report   'ip-address': [
71 silly audit report     {
71 silly audit report       id: 1118827,
71 silly audit report       url: 'https://github.com/advisories/GHSA-v2v4-37r5-5v8g',
71 silly audit report       title: 'ip-address has XSS in Address6 HTML-emitting methods',
71 silly audit report       severity: 'moderate',
71 silly audit report       vulnerable_versions: '<=10.1.0',
71 silly audit report       cwe: [Array],
71 silly audit report       cvss: [Object]
71 silly audit report     }
71 silly audit report   ],
71 silly audit report   lodash: [
71 silly audit report     {
71 silly audit report       id: 1115806,
71 silly audit report       url: 'https://github.com/advisories/GHSA-r5fr-rjxr-66jc',
71 silly audit report       title: 'lodash vulnerable to Code Injection via `_.template` imports key names',
71 silly audit report       severity: 'high',
71 silly audit report       vulnerable_versions: '>=4.0.0 <=4.17.23',
71 silly audit report       cwe: [Array],
71 silly audit report       cvss: [Object]
71 silly audit report     },
71 silly audit report     {
71 silly audit report       id: 1115810,
71 silly audit report       url: 'https://github.com/advisories/GHSA-f23m-r3pf-42rh',
71 silly audit report       title: 'lodash vulnerable to Prototype Pollution via array path bypass in `_.unset` and `_.omit`',
71 silly audit report       severity: 'moderate',
71 silly audit report       vulnerable_versions: '<=4.17.23',
71 silly audit report       cwe: [Array],
71 silly audit report       cvss: [Object]
71 silly audit report     }
71 silly audit report   ],
71 silly audit report   picomatch: [
71 silly audit report     {
71 silly audit report       id: 1115549,
71 silly audit report       url: 'https://github.com/advisories/GHSA-3v7f-55p6-f55p',
71 silly audit report       title: 'Picomatch: Method Injection in POSIX Character Classes causes incorrect Glob Matching',
71 silly audit report       severity: 'moderate',
71 silly audit report       vulnerable_versions: '<2.3.2',
71 silly audit report       cwe: [Array],
71 silly audit report       cvss: [Object]
71 silly audit report     },
71 silly audit report     {
71 silly audit report       id: 1115552,
71 silly audit report       url: 'https://github.com/advisories/GHSA-c2c7-rcm5-vvqj',
71 silly audit report       title: 'Picomatch has a ReDoS vulnerability via extglob quantifiers',
71 silly audit report       severity: 'high',
71 silly audit report       vulnerable_versions: '<2.3.2',
71 silly audit report       cwe: [Array],
71 silly audit report       cvss: [Object]
71 silly audit report     }
71 silly audit report   ],
71 silly audit report   postcss: [
71 silly audit report     {
71 silly audit report       id: 1117015,
71 silly audit report       url: 'https://github.com/advisories/GHSA-qx2v-qp2m-jg93',
71 silly audit report       title: 'PostCSS has XSS via Unescaped </style> in its CSS Stringify Output',
71 silly audit report       severity: 'moderate',
71 silly audit report       vulnerable_versions: '<8.5.10',
71 silly audit report       cwe: [Array],
71 silly audit report       cvss: [Object]
71 silly audit report     },
71 silly audit report     {
71 silly audit report       id: 1124252,
71 silly audit report       url: 'https://github.com/advisories/GHSA-6g55-p6wh-862q',
71 silly audit report       title: 'PostCSS: Arbitrary file read and information disclosure via attacker-controlled sourceMappingURL in CSS comments',
71 silly audit report       severity: 'high',
71 silly audit report       vulnerable_versions: '<=8.5.11',
71 silly audit report       cwe: [Array],
71 silly audit report       cvss: [Object]
71 silly audit report     },
71 silly audit report     {
71 silly audit report       id: 1124288,
71 silly audit report       url: 'https://github.com/advisories/GHSA-r28c-9q8g-f849',
71 silly audit report       title: 'PostCSS: Path Traversal in Previous Source Map Auto-Loading (sourceMappingURL) leads to Arbitrary .map File Disclosure',
71 silly audit report       severity: 'high',
71 silly audit report       vulnerable_versions: '<=8.5.17',
71 silly audit report       cwe: [Array],
71 silly audit report       cvss: [Object]
71 silly audit report     }
71 silly audit report   ],
71 silly audit report   ws: [
71 silly audit report     {
71 silly audit report       id: 1118728,
71 silly audit report       url: 'https://github.com/advisories/GHSA-3h5v-q93c-6h6q',
71 silly audit report       title: 'ws affected by a DoS when handling a request with many HTTP headers',
71 silly audit report       severity: 'high',
71 silly audit report       vulnerable_versions: '>=8.0.0 <8.17.1',
71 silly audit report       cwe: [Array],
71 silly audit report       cvss: [Object]
71 silly audit report     },
71 silly audit report     {
71 silly audit report       id: 1119108,
71 silly audit report       url: 'https://github.com/advisories/GHSA-58qx-3vcg-4xpx',
71 silly audit report       title: 'ws: Uninitialized memory disclosure',
71 silly audit report       severity: 'moderate',
71 silly audit report       vulnerable_versions: '>=8.0.0 <8.20.1',
71 silly audit report       cwe: [Array],
71 silly audit report       cvss: [Object]
71 silly audit report     },
71 silly audit report     {
71 silly audit report       id: 1123259,
71 silly audit report       url: 'https://github.com/advisories/GHSA-96hv-2xvq-fx4p',
71 silly audit report       title: 'ws: Memory exhaustion DoS from tiny fragments and data chunks',
71 silly audit report       severity: 'high',
71 silly audit report       vulnerable_versions: '>=8.0.0 <8.21.0',
71 silly audit report       cwe: [Array],
71 silly audit report       cvss: [Object]
71 silly audit report     }
71 silly audit report   ],
71 silly audit report   tar: [
71 silly audit report     {
71 silly audit report       id: 1112659,
71 silly audit report       url: 'https://github.com/advisories/GHSA-34x7-hfp2-rc4v',
71 silly audit report       title: 'node-tar Vulnerable to Arbitrary File Creation/Overwrite via Hardlink Path Traversal',
71 silly audit report       severity: 'high',
71 silly audit report       vulnerable_versions: '<7.5.7',
71 silly audit report       cwe: [Array],
71 silly audit report       cvss: [Object]
71 silly audit report     },
71 silly audit report     {
71 silly audit report       id: 1113300,
71 silly audit report       url: 'https://github.com/advisories/GHSA-8qq5-rm4j-mr97',
71 silly audit report       title: 'node-tar is Vulnerable to Arbitrary File Overwrite and Symlink Poisoning via Insufficient Path Sanitization',
71 silly audit report       severity: 'high',
71 silly audit report       vulnerable_versions: '<=7.5.2',
71 silly audit report       cwe: [Array],
71 silly audit report       cvss: [Object]
71 silly audit report     },
71 silly audit report     {
71 silly audit report       id: 1113375,
71 silly audit report       url: 'https://github.com/advisories/GHSA-83g3-92jg-28cx',
71 silly audit report       title: 'Arbitrary File Read/Write via Hardlink Target Escape Through Symlink Chain in node-tar Extraction',
71 silly audit report       severity: 'high',
71 silly audit report       vulnerable_versions: '<7.5.8',
71 silly audit report       cwe: [Array],
71 silly audit report       cvss: [Object]
71 silly audit report     },
71 silly audit report     {
71 silly audit report       id: 1114200,
71 silly audit report       url: 'https://github.com/advisories/GHSA-qffp-2rhf-9h96',
71 silly audit report       title: 'tar has Hardlink Path Traversal via Drive-Relative Linkpath',
71 silly audit report       severity: 'high',
71 silly audit report       vulnerable_versions: '<=7.5.9',
71 silly audit report       cwe: [Array],
71 silly audit report       cvss: [Object]
71 silly audit report     },
71 silly audit report     {
71 silly audit report       id: 1114302,
71 silly audit report       url: 'https://github.com/advisories/GHSA-9ppj-qmqm-q256',
71 silly audit report       title: 'node-tar Symlink Path Traversal via Drive-Relative Linkpath',
71 silly audit report       severity: 'high',
71 silly audit report       vulnerable_versions: '<=7.5.10',
71 silly audit report       cwe: [Array],
71 silly audit report       cvss: [Object]
71 silly audit report     },
71 silly audit report     {
71 silly audit report       id: 1120782,
71 silly audit report       url: 'https://github.com/advisories/GHSA-vmf3-w455-68vh',
71 silly audit report       title: 'node-tar applies PAX size override to intermediary GNU long-name/long-link headers, causing tar parser interpretation differential (file smuggling)',
71 silly audit report       severity: 'moderate',
71 silly audit report       vulnerable_versions: '<=7.5.15',
71 silly audit report       cwe: [Array],
71 silly audit report       cvss: [Object]
71 silly audit report     },
71 silly audit report     {
71 silly audit report       id: 1114680,
71 silly audit report       url: 'https://github.com/advisories/GHSA-r6q2-hw4h-h46w',
71 silly audit report       title: 'Race Condition in node-tar Path Reservations via Unicode Ligature Collisions on macOS APFS',
71 silly audit report       severity: 'high',
71 silly audit report       vulnerable_versions: '<=7.5.3',
71 silly audit report       cwe: [Array],
71 silly audit report       cvss: [Object]
71 silly audit report     },
71 silly audit report     {
71 silly audit report       id: 1123939,
71 silly audit report       url: 'https://github.com/advisories/GHSA-w8wr-v893-vjvp',
71 silly audit report       title: 'node-tar: Process crash via PAX numeric path type confusion',
71 silly audit report       severity: 'moderate',
71 silly audit report       vulnerable_versions: '<=7.5.17',
71 silly audit report       cwe: [Array],
71 silly audit report       cvss: [Object]
71 silly audit report     },
71 silly audit report     {
71 silly audit report       id: 1123940,
71 silly audit report       url: 'https://github.com/advisories/GHSA-23hp-3jrh-7fpw',
71 silly audit report       title: 'node-tar: Decompression/parse DoS via unlimited input',
71 silly audit report       severity: 'critical',
71 silly audit report       vulnerable_versions: '<=7.5.18',
71 silly audit report       cwe: [Array],
71 silly audit report       cvss: [Object]
71 silly audit report     },
71 silly audit report     {
71 silly audit report       id: 1123941,
71 silly audit report       url: 'https://github.com/advisories/GHSA-8x88-c5mf-7j5w',
71 silly audit report       title: 'node-tar: Negative tar entry size causes infinite loop in archive replace',
71 silly audit report       severity: 'high',
71 silly audit report       vulnerable_versions: '<=7.5.17',
71 silly audit report       cwe: [Array],
71 silly audit report       cvss: [Object]
71 silly audit report     },
71 silly audit report     {
71 silly audit report       id: 1123942,
71 silly audit report       url: 'https://github.com/advisories/GHSA-gvwx-54wh-qm9j',
71 silly audit report       title: 'node-tar: Uncaught Exception DoS via NUL byte in PAX path/linkpath records',
71 silly audit report       severity: 'moderate',
71 silly audit report       vulnerable_versions: '<=7.5.16',
71 silly audit report       cwe: [Array],
71 silly audit report       cvss: [Object]
71 silly audit report     },
71 silly audit report     {
71 silly audit report       id: 1124287,
71 silly audit report       url: 'https://github.com/advisories/GHSA-r292-9mhp-454m',
71 silly audit report       title: 'node-tar: Uncontrolled recursion in mapHas/filesFilter allows uncatchable stack-overflow DoS via crafted long-path tar with member selection',
71 silly audit report       severity: 'moderate',
71 silly audit report       vulnerable_versions: '<=7.5.20',
71 silly audit report       cwe: [Array],
71 silly audit report       cvss: [Object]
71 silly audit report     }
71 silly audit report   ],
71 silly audit report   'tar-fs': [
71 silly audit report     {
71 silly audit report       id: 1109532,
71 silly audit report       url: 'https://github.com/advisories/GHSA-vj76-c3g6-qr5v',
71 silly audit report       title: 'tar-fs has a symlink validation bypass if destination directory is predictable with a specific tarball',
71 silly audit report       severity: 'high',
71 silly audit report       vulnerable_versions: '>=2.0.0 <2.1.4',
71 silly audit report       cwe: [Array],
71 silly audit report       cvss: [Object]
71 silly audit report     },
71 silly audit report     {
71 silly audit report       id: 1109543,
71 silly audit report       url: 'https://github.com/advisories/GHSA-8cj5-5rvv-wf4v',
71 silly audit report       title: 'tar-fs can extract outside the specified dir with a specific tarball',
71 silly audit report       severity: 'high',
71 silly audit report       vulnerable_versions: '>=2.0.0 <2.1.3',
71 silly audit report       cwe: [Array],
71 silly audit report       cvss: [Object]
71 silly audit report     },
71 silly audit report     {
71 silly audit report       id: 1109552,
71 silly audit report       url: 'https://github.com/advisories/GHSA-pq67-2wwv-3xjx',
71 silly audit report       title: 'tar-fs Vulnerable to Link Following and Path Traversal via Extracting a Crafted tar File',
71 silly audit report       severity: 'high',
71 silly audit report       vulnerable_versions: '>=2.0.0 <2.1.2',
71 silly audit report       cwe: [Array],
71 silly audit report       cvss: [Object]
71 silly audit report     }
71 silly audit report   ]
71 silly audit report }
72 silly packumentCache corgi:https://registry.npmjs.org/@tootallnate%2fonce cache-miss
73 silly packumentCache corgi:https://registry.npmjs.org/brace-expansion cache-miss
74 silly packumentCache corgi:https://registry.npmjs.org/fast-uri cache-miss
75 silly packumentCache corgi:https://registry.npmjs.org/fast-xml-parser cache-miss
76 silly packumentCache corgi:https://registry.npmjs.org/file-type cache-miss
77 silly packumentCache corgi:https://registry.npmjs.org/form-data cache-miss
78 silly packumentCache corgi:https://registry.npmjs.org/minimatch cache-miss
79 silly packumentCache corgi:https://registry.npmjs.org/got cache-miss
80 silly packumentCache corgi:https://registry.npmjs.org/ip-address cache-miss
81 silly packumentCache corgi:https://registry.npmjs.org/lodash cache-miss
82 silly packumentCache corgi:https://registry.npmjs.org/picomatch cache-miss
83 silly packumentCache corgi:https://registry.npmjs.org/postcss cache-miss
84 silly packumentCache corgi:https://registry.npmjs.org/ws cache-miss
85 silly packumentCache corgi:https://registry.npmjs.org/tar cache-miss
86 silly packumentCache corgi:https://registry.npmjs.org/tar-fs cache-miss
87 http fetch GET 200 https://registry.npmjs.org/got 71ms (cache revalidated)
88 silly packumentCache corgi:https://registry.npmjs.org/got set size:366542 disposed:false
89 http fetch GET 200 https://registry.npmjs.org/fast-xml-parser 76ms (cache revalidated)
90 silly packumentCache corgi:https://registry.npmjs.org/fast-xml-parser set size:265072 disposed:false
91 http fetch GET 200 https://registry.npmjs.org/lodash 79ms (cache updated)
92 silly packumentCache corgi:https://registry.npmjs.org/lodash set size:undefined disposed:false
93 http fetch GET 200 https://registry.npmjs.org/minimatch 257ms (cache revalidated)
94 silly packumentCache corgi:https://registry.npmjs.org/minimatch set size:169442 disposed:false
95 http fetch GET 200 https://registry.npmjs.org/picomatch 270ms (cache revalidated)
96 silly packumentCache corgi:https://registry.npmjs.org/picomatch set size:45123 disposed:false
97 http fetch GET 200 https://registry.npmjs.org/form-data 272ms (cache revalidated)
98 silly packumentCache corgi:https://registry.npmjs.org/form-data set size:55002 disposed:false
99 http fetch GET 200 https://registry.npmjs.org/postcss 273ms (cache updated)
100 silly packumentCache corgi:https://registry.npmjs.org/postcss set size:undefined disposed:false
101 http fetch GET 200 https://registry.npmjs.org/brace-expansion 284ms (cache updated)
102 silly packumentCache corgi:https://registry.npmjs.org/brace-expansion set size:undefined disposed:false
103 http fetch GET 200 https://registry.npmjs.org/ws 298ms (cache revalidated)
104 silly packumentCache corgi:https://registry.npmjs.org/ws set size:205716 disposed:false
105 http fetch GET 200 https://registry.npmjs.org/tar 300ms (cache revalidated)
106 silly packumentCache corgi:https://registry.npmjs.org/tar set size:208035 disposed:false
107 http fetch GET 200 https://registry.npmjs.org/fast-uri 310ms (cache revalidated)
108 silly packumentCache corgi:https://registry.npmjs.org/fast-uri set size:27857 disposed:false
109 http fetch GET 200 https://registry.npmjs.org/@tootallnate%2fonce 366ms (cache revalidated)
110 silly packumentCache corgi:https://registry.npmjs.org/@tootallnate%2fonce set size:11748 disposed:false
111 http fetch GET 200 https://registry.npmjs.org/file-type 388ms (cache revalidated)
112 silly packumentCache corgi:https://registry.npmjs.org/file-type set size:198411 disposed:false
113 http fetch GET 200 https://registry.npmjs.org/ip-address 534ms (cache revalidated)
114 silly packumentCache corgi:https://registry.npmjs.org/ip-address set size:75905 disposed:false
115 http fetch GET 200 https://registry.npmjs.org/tar-fs 535ms (cache revalidated)
116 silly packumentCache corgi:https://registry.npmjs.org/tar-fs set size:56576 disposed:false
117 silly packumentCache corgi:https://registry.npmjs.org/http-proxy-agent cache-miss
118 http fetch GET 200 https://registry.npmjs.org/http-proxy-agent 27ms (cache revalidated)
119 silly packumentCache corgi:https://registry.npmjs.org/http-proxy-agent set size:25530 disposed:false
120 silly packumentCache corgi:https://registry.npmjs.org/ajv cache-miss
121 http fetch GET 200 https://registry.npmjs.org/ajv 35ms (cache revalidated)
122 silly packumentCache corgi:https://registry.npmjs.org/ajv set size:467559 disposed:false
123 silly packumentCache corgi:https://registry.npmjs.org/is-svg cache-miss
124 http fetch GET 200 https://registry.npmjs.org/is-svg 270ms (cache revalidated)
125 silly packumentCache corgi:https://registry.npmjs.org/is-svg set size:25939 disposed:false
126 silly packumentCache corgi:https://registry.npmjs.org/@hint%2futils cache-miss
127 http fetch GET 200 https://registry.npmjs.org/@hint%2futils 750ms (cache revalidated)
128 silly packumentCache corgi:https://registry.npmjs.org/@hint%2futils set size:93650 disposed:false
129 silly packumentCache corgi:https://registry.npmjs.org/jsdom cache-miss
130 http fetch GET 200 https://registry.npmjs.org/jsdom 28ms (cache revalidated)
131 silly packumentCache corgi:https://registry.npmjs.org/jsdom set size:385620 disposed:false
132 silly packumentCache corgi:https://registry.npmjs.org/glob cache-miss
133 http fetch GET 200 https://registry.npmjs.org/glob 36ms (cache revalidated)
134 silly packumentCache corgi:https://registry.npmjs.org/glob set size:199194 disposed:false
135 silly packumentCache corgi:https://registry.npmjs.org/filelist cache-miss
136 http fetch GET 200 https://registry.npmjs.org/filelist 88ms (cache revalidated)
137 silly packumentCache corgi:https://registry.npmjs.org/filelist set size:11409 disposed:false
138 silly packumentCache corgi:https://registry.npmjs.org/package-json cache-miss
139 http fetch GET 200 https://registry.npmjs.org/package-json 273ms (cache revalidated)
140 silly packumentCache corgi:https://registry.npmjs.org/package-json set size:33596 disposed:false
141 silly packumentCache corgi:https://registry.npmjs.org/socks cache-miss
142 http fetch GET 200 https://registry.npmjs.org/socks 33ms (cache revalidated)
143 silly packumentCache corgi:https://registry.npmjs.org/socks set size:66905 disposed:false
144 silly packumentCache corgi:https://registry.npmjs.org/@hint%2fformatter-html cache-miss
145 silly packumentCache corgi:https://registry.npmjs.org/@hint%2fformatter-json cache-miss
146 silly packumentCache corgi:https://registry.npmjs.org/@hint%2fformatter-stylish cache-miss
147 silly packumentCache corgi:https://registry.npmjs.org/@hint%2fformatter-summary cache-miss
148 silly packumentCache corgi:https://registry.npmjs.org/@hint%2fhint-compat-api cache-miss
149 silly packumentCache corgi:https://registry.npmjs.org/@hint%2fhint-html-checker cache-miss
150 silly packumentCache corgi:https://registry.npmjs.org/@hint%2fhint-no-vulnerable-javascript-libraries cache-miss
151 silly packumentCache corgi:https://registry.npmjs.org/@hint%2fparser-babel-config cache-miss
152 silly packumentCache corgi:https://registry.npmjs.org/@hint%2fparser-typescript-config cache-miss
153 silly packumentCache corgi:https://registry.npmjs.org/@hint%2futils-json cache-miss
154 silly packumentCache corgi:https://registry.npmjs.org/@hint%2futils-network cache-miss
155 silly packumentCache corgi:https://registry.npmjs.org/cloudinary cache-miss
156 silly packumentCache corgi:https://registry.npmjs.org/hint cache-hit
157 http fetch GET 200 https://registry.npmjs.org/cloudinary 38ms (cache revalidated)
158 silly packumentCache corgi:https://registry.npmjs.org/cloudinary set size:158064 disposed:false
159 info run canvas@2.11.2 install { code: 1, signal: null }
160 verbose reify failed optional dependency /Users/aryanverma/Library/Application Support/Code/User/globalStorage/ms-edgedevtools.vscode-edge-devtools/node_modules/canvas
161 silly reify mark deleted [
161 silly reify   '/Users/aryanverma/Library/Application Support/Code/User/globalStorage/ms-edgedevtools.vscode-edge-devtools/node_modules/canvas'
161 silly reify ]
162 verbose reify failed optional dependency /Users/aryanverma/Library/Application Support/Code/User/globalStorage/ms-edgedevtools.vscode-edge-devtools/node_modules/@mapbox/node-pre-gyp
163 silly reify mark deleted [
163 silly reify   '/Users/aryanverma/Library/Application Support/Code/User/globalStorage/ms-edgedevtools.vscode-edge-devtools/node_modules/@mapbox/node-pre-gyp',
163 silly reify   '/Users/aryanverma/Library/Application Support/Code/User/globalStorage/ms-edgedevtools.vscode-edge-devtools/node_modules/.bin/node-pre-gyp'
163 silly reify ]
164 verbose reify failed optional dependency /Users/aryanverma/Library/Application Support/Code/User/globalStorage/ms-edgedevtools.vscode-edge-devtools/node_modules/nan
165 silly reify mark deleted [
165 silly reify   '/Users/aryanverma/Library/Application Support/Code/User/globalStorage/ms-edgedevtools.vscode-edge-devtools/node_modules/nan'
165 silly reify ]
166 verbose reify failed optional dependency /Users/aryanverma/Library/Application Support/Code/User/globalStorage/ms-edgedevtools.vscode-edge-devtools/node_modules/simple-get
167 silly reify mark deleted [
167 silly reify   '/Users/aryanverma/Library/Application Support/Code/User/globalStorage/ms-edgedevtools.vscode-edge-devtools/node_modules/simple-get'
167 silly reify ]
168 verbose reify failed optional dependency /Users/aryanverma/Library/Application Support/Code/User/globalStorage/ms-edgedevtools.vscode-edge-devtools/node_modules/detect-libc
169 silly reify mark deleted [
169 silly reify   '/Users/aryanverma/Library/Application Support/Code/User/globalStorage/ms-edgedevtools.vscode-edge-devtools/node_modules/detect-libc'
169 silly reify ]
170 verbose reify failed optional dependency /Users/aryanverma/Library/Application Support/Code/User/globalStorage/ms-edgedevtools.vscode-edge-devtools/node_modules/nopt
171 silly reify mark deleted [
171 silly reify   '/Users/aryanverma/Library/Application Support/Code/User/globalStorage/ms-edgedevtools.vscode-edge-devtools/node_modules/nopt',
171 silly reify   '/Users/aryanverma/Library/Application Support/Code/User/globalStorage/ms-edgedevtools.vscode-edge-devtools/node_modules/.bin/nopt'
171 silly reify ]
172 verbose reify failed optional dependency /Users/aryanverma/Library/Application Support/Code/User/globalStorage/ms-edgedevtools.vscode-edge-devtools/node_modules/npmlog
173 silly reify mark deleted [
173 silly reify   '/Users/aryanverma/Library/Application Support/Code/User/globalStorage/ms-edgedevtools.vscode-edge-devtools/node_modules/npmlog'
173 silly reify ]
174 verbose reify failed optional dependency /Users/aryanverma/Library/Application Support/Code/User/globalStorage/ms-edgedevtools.vscode-edge-devtools/node_modules/simple-get/node_modules/decompress-response
175 silly reify mark deleted [
175 silly reify   '/Users/aryanverma/Library/Application Support/Code/User/globalStorage/ms-edgedevtools.vscode-edge-devtools/node_modules/simple-get/node_modules/decompress-response'
175 silly reify ]
176 verbose reify failed optional dependency /Users/aryanverma/Library/Application Support/Code/User/globalStorage/ms-edgedevtools.vscode-edge-devtools/node_modules/simple-concat
177 silly reify mark deleted [
177 silly reify   '/Users/aryanverma/Library/Application Support/Code/User/globalStorage/ms-edgedevtools.vscode-edge-devtools/node_modules/simple-concat'
177 silly reify ]
178 verbose reify failed optional dependency /Users/aryanverma/Library/Application Support/Code/User/globalStorage/ms-edgedevtools.vscode-edge-devtools/node_modules/abbrev
179 silly reify mark deleted [
179 silly reify   '/Users/aryanverma/Library/Application Support/Code/User/globalStorage/ms-edgedevtools.vscode-edge-devtools/node_modules/abbrev'
179 silly reify ]
180 verbose reify failed optional dependency /Users/aryanverma/Library/Application Support/Code/User/globalStorage/ms-edgedevtools.vscode-edge-devtools/node_modules/are-we-there-yet
181 silly reify mark deleted [
181 silly reify   '/Users/aryanverma/Library/Application Support/Code/User/globalStorage/ms-edgedevtools.vscode-edge-devtools/node_modules/are-we-there-yet'
181 silly reify ]
182 verbose reify failed optional dependency /Users/aryanverma/Library/Application Support/Code/User/globalStorage/ms-edgedevtools.vscode-edge-devtools/node_modules/console-control-strings
183 silly reify mark deleted [
183 silly reify   '/Users/aryanverma/Library/Application Support/Code/User/globalStorage/ms-edgedevtools.vscode-edge-devtools/node_modules/console-control-strings'
183 silly reify ]
184 verbose reify failed optional dependency /Users/aryanverma/Library/Application Support/Code/User/globalStorage/ms-edgedevtools.vscode-edge-devtools/node_modules/gauge
185 silly reify mark deleted [
185 silly reify   '/Users/aryanverma/Library/Application Support/Code/User/globalStorage/ms-edgedevtools.vscode-edge-devtools/node_modules/gauge'
185 silly reify ]
186 verbose reify failed optional dependency /Users/aryanverma/Library/Application Support/Code/User/globalStorage/ms-edgedevtools.vscode-edge-devtools/node_modules/set-blocking
187 silly reify mark deleted [
187 silly reify   '/Users/aryanverma/Library/Application Support/Code/User/globalStorage/ms-edgedevtools.vscode-edge-devtools/node_modules/set-blocking'
187 silly reify ]
188 verbose reify failed optional dependency /Users/aryanverma/Library/Application Support/Code/User/globalStorage/ms-edgedevtools.vscode-edge-devtools/node_modules/simple-get/node_modules/mimic-response
189 silly reify mark deleted [
189 silly reify   '/Users/aryanverma/Library/Application Support/Code/User/globalStorage/ms-edgedevtools.vscode-edge-devtools/node_modules/simple-get/node_modules/mimic-response'
189 silly reify ]
190 verbose reify failed optional dependency /Users/aryanverma/Library/Application Support/Code/User/globalStorage/ms-edgedevtools.vscode-edge-devtools/node_modules/delegates
191 silly reify mark deleted [
191 silly reify   '/Users/aryanverma/Library/Application Support/Code/User/globalStorage/ms-edgedevtools.vscode-edge-devtools/node_modules/delegates'
191 silly reify ]
192 verbose reify failed optional dependency /Users/aryanverma/Library/Application Support/Code/User/globalStorage/ms-edgedevtools.vscode-edge-devtools/node_modules/aproba
193 silly reify mark deleted [
193 silly reify   '/Users/aryanverma/Library/Application Support/Code/User/globalStorage/ms-edgedevtools.vscode-edge-devtools/node_modules/aproba'
193 silly reify ]
194 verbose reify failed optional dependency /Users/aryanverma/Library/Application Support/Code/User/globalStorage/ms-edgedevtools.vscode-edge-devtools/node_modules/color-support
195 silly reify mark deleted [
195 silly reify   '/Users/aryanverma/Library/Application Support/Code/User/globalStorage/ms-edgedevtools.vscode-edge-devtools/node_modules/color-support',
195 silly reify   '/Users/aryanverma/Library/Application Support/Code/User/globalStorage/ms-edgedevtools.vscode-edge-devtools/node_modules/.bin/color-support'
195 silly reify ]
196 verbose reify failed optional dependency /Users/aryanverma/Library/Application Support/Code/User/globalStorage/ms-edgedevtools.vscode-edge-devtools/node_modules/has-unicode
197 silly reify mark deleted [
197 silly reify   '/Users/aryanverma/Library/Application Support/Code/User/globalStorage/ms-edgedevtools.vscode-edge-devtools/node_modules/has-unicode'
197 silly reify ]
198 verbose reify failed optional dependency /Users/aryanverma/Library/Application Support/Code/User/globalStorage/ms-edgedevtools.vscode-edge-devtools/node_modules/object-assign
199 silly reify mark deleted [
199 silly reify   '/Users/aryanverma/Library/Application Support/Code/User/globalStorage/ms-edgedevtools.vscode-edge-devtools/node_modules/object-assign'
199 silly reify ]
200 verbose reify failed optional dependency /Users/aryanverma/Library/Application Support/Code/User/globalStorage/ms-edgedevtools.vscode-edge-devtools/node_modules/gauge/node_modules/string-width
201 silly reify mark deleted [
201 silly reify   '/Users/aryanverma/Library/Application Support/Code/User/globalStorage/ms-edgedevtools.vscode-edge-devtools/node_modules/gauge/node_modules/string-width'
201 silly reify ]
202 verbose reify failed optional dependency /Users/aryanverma/Library/Application Support/Code/User/globalStorage/ms-edgedevtools.vscode-edge-devtools/node_modules/wide-align
203 silly reify mark deleted [
203 silly reify   '/Users/aryanverma/Library/Application Support/Code/User/globalStorage/ms-edgedevtools.vscode-edge-devtools/node_modules/wide-align'
203 silly reify ]
204 verbose reify failed optional dependency /Users/aryanverma/Library/Application Support/Code/User/globalStorage/ms-edgedevtools.vscode-edge-devtools/node_modules/gauge/node_modules/emoji-regex
205 silly reify mark deleted [
205 silly reify   '/Users/aryanverma/Library/Application Support/Code/User/globalStorage/ms-edgedevtools.vscode-edge-devtools/node_modules/gauge/node_modules/emoji-regex'
205 silly reify ]
206 verbose reify failed optional dependency /Users/aryanverma/Library/Application Support/Code/User/globalStorage/ms-edgedevtools.vscode-edge-devtools/node_modules/wide-align/node_modules/string-width
207 silly reify mark deleted [
207 silly reify   '/Users/aryanverma/Library/Application Support/Code/User/globalStorage/ms-edgedevtools.vscode-edge-devtools/node_modules/wide-align/node_modules/string-width'
207 silly reify ]
208 verbose reify failed optional dependency /Users/aryanverma/Library/Application Support/Code/User/globalStorage/ms-edgedevtools.vscode-edge-devtools/node_modules/wide-align/node_modules/emoji-regex
209 silly reify mark deleted [
209 silly reify   '/Users/aryanverma/Library/Application Support/Code/User/globalStorage/ms-edgedevtools.vscode-edge-devtools/node_modules/wide-align/node_modules/emoji-regex'
209 silly reify ]
210 http fetch GET 200 https://registry.npmjs.org/@hint%2futils-json 731ms (cache revalidated)
211 silly packumentCache corgi:https://registry.npmjs.org/@hint%2futils-json set size:49040 disposed:false
212 http fetch GET 200 https://registry.npmjs.org/@hint%2fformatter-summary 756ms (cache revalidated)
213 silly packumentCache corgi:https://registry.npmjs.org/@hint%2fformatter-summary set size:96090 disposed:false
214 http fetch GET 200 https://registry.npmjs.org/@hint%2fparser-typescript-config 758ms (cache revalidated)
215 silly packumentCache corgi:https://registry.npmjs.org/@hint%2fparser-typescript-config set size:108039 disposed:false
216 http fetch GET 200 https://registry.npmjs.org/@hint%2fhint-html-checker 763ms (cache revalidated)
217 silly packumentCache corgi:https://registry.npmjs.org/@hint%2fhint-html-checker set size:105401 disposed:false
218 http fetch GET 200 https://registry.npmjs.org/@hint%2futils-network 764ms (cache revalidated)
219 silly packumentCache corgi:https://registry.npmjs.org/@hint%2futils-network set size:49117 disposed:false
220 http fetch GET 200 https://registry.npmjs.org/@hint%2fformatter-stylish 780ms (cache revalidated)
221 silly packumentCache corgi:https://registry.npmjs.org/@hint%2fformatter-stylish set size:97071 disposed:false
222 http fetch GET 200 https://registry.npmjs.org/@hint%2fhint-compat-api 823ms (cache revalidated)
223 silly packumentCache corgi:https://registry.npmjs.org/@hint%2fhint-compat-api set size:101497 disposed:false
224 http fetch GET 200 https://registry.npmjs.org/@hint%2fformatter-json 826ms (cache revalidated)
225 silly packumentCache corgi:https://registry.npmjs.org/@hint%2fformatter-json set size:91108 disposed:false
226 http fetch GET 200 https://registry.npmjs.org/@hint%2fparser-babel-config 827ms (cache revalidated)
227 silly packumentCache corgi:https://registry.npmjs.org/@hint%2fparser-babel-config set size:102287 disposed:false
228 http fetch GET 200 https://registry.npmjs.org/@hint%2fhint-no-vulnerable-javascript-libraries 828ms (cache revalidated)
229 silly packumentCache corgi:https://registry.npmjs.org/@hint%2fhint-no-vulnerable-javascript-libraries set size:147410 disposed:false
230 http fetch GET 200 https://registry.npmjs.org/@hint%2fformatter-html 831ms (cache revalidated)
231 silly packumentCache corgi:https://registry.npmjs.org/@hint%2fformatter-html set size:128759 disposed:false
232 silly packumentCache corgi:https://registry.npmjs.org/anymatch cache-miss
233 silly packumentCache corgi:https://registry.npmjs.org/micromatch cache-miss
234 silly packumentCache corgi:https://registry.npmjs.org/readdirp cache-miss
235 http fetch GET 200 https://registry.npmjs.org/micromatch 291ms (cache revalidated)
236 silly packumentCache corgi:https://registry.npmjs.org/micromatch set size:71776 disposed:false
237 http fetch GET 200 https://registry.npmjs.org/readdirp 295ms (cache revalidated)
238 silly packumentCache corgi:https://registry.npmjs.org/readdirp set size:47123 disposed:false
239 http fetch GET 200 https://registry.npmjs.org/anymatch 314ms (cache revalidated)
240 silly packumentCache corgi:https://registry.npmjs.org/anymatch set size:18345 disposed:false
241 silly packumentCache corgi:https://registry.npmjs.org/@hint%2fhint-css-prefix-order cache-miss
242 silly packumentCache corgi:https://registry.npmjs.org/@hint%2fhint-detect-css-reflows cache-miss
243 silly packumentCache corgi:https://registry.npmjs.org/@hint%2fparser-css cache-miss
244 silly packumentCache corgi:https://registry.npmjs.org/@hint%2fparser-less cache-miss
245 silly packumentCache corgi:https://registry.npmjs.org/@hint%2fparser-sass cache-miss
246 silly packumentCache corgi:https://registry.npmjs.org/postcss-safe-parser cache-miss
247 silly packumentCache corgi:https://registry.npmjs.org/postcss-sass cache-miss
248 silly packumentCache corgi:https://registry.npmjs.org/postcss-scss cache-miss
249 http fetch GET 200 https://registry.npmjs.org/postcss-safe-parser 366ms (cache revalidated)
250 silly packumentCache corgi:https://registry.npmjs.org/postcss-safe-parser set size:26187 disposed:false
251 http fetch GET 200 https://registry.npmjs.org/postcss-sass 422ms (cache revalidated)
252 silly packumentCache corgi:https://registry.npmjs.org/postcss-sass set size:26132 disposed:false
253 http fetch GET 200 https://registry.npmjs.org/postcss-scss 436ms (cache revalidated)
254 silly packumentCache corgi:https://registry.npmjs.org/postcss-scss set size:46976 disposed:false
255 http fetch GET 200 https://registry.npmjs.org/@hint%2fparser-css 867ms (cache revalidated)
256 silly packumentCache corgi:https://registry.npmjs.org/@hint%2fparser-css set size:98132 disposed:false
257 http fetch GET 200 https://registry.npmjs.org/@hint%2fhint-css-prefix-order 888ms (cache revalidated)
258 silly packumentCache corgi:https://registry.npmjs.org/@hint%2fhint-css-prefix-order set size:94682 disposed:false
259 http fetch GET 200 https://registry.npmjs.org/@hint%2fparser-sass 893ms (cache revalidated)
260 silly packumentCache corgi:https://registry.npmjs.org/@hint%2fparser-sass set size:65703 disposed:false
261 http fetch GET 200 https://registry.npmjs.org/@hint%2fparser-less 928ms (cache revalidated)
262 silly packumentCache corgi:https://registry.npmjs.org/@hint%2fparser-less set size:64935 disposed:false
263 http fetch GET 200 https://registry.npmjs.org/@hint%2fhint-detect-css-reflows 949ms (cache revalidated)
264 silly packumentCache corgi:https://registry.npmjs.org/@hint%2fhint-detect-css-reflows set size:15025 disposed:false
265 silly packumentCache corgi:https://registry.npmjs.org/puppeteer-core cache-miss
266 http fetch GET 200 https://registry.npmjs.org/puppeteer-core 38ms (cache revalidated)
267 silly packumentCache corgi:https://registry.npmjs.org/puppeteer-core set size:546348 disposed:false
268 silly packumentCache corgi:https://registry.npmjs.org/cacache cache-miss
269 http fetch GET 200 https://registry.npmjs.org/cacache 206ms (cache revalidated)
270 silly packumentCache corgi:https://registry.npmjs.org/cacache set size:158807 disposed:false
271 silly packumentCache corgi:https://registry.npmjs.org/@hint%2fconnector-jsdom cache-miss
272 silly packumentCache corgi:https://registry.npmjs.org/@hint%2fconnector-local cache-miss
273 silly packumentCache corgi:https://registry.npmjs.org/@hint%2fconnector-puppeteer cache-miss
274 silly packumentCache corgi:https://registry.npmjs.org/@hint%2fhint-content-type cache-miss
275 silly packumentCache corgi:https://registry.npmjs.org/@hint%2fhint-http-compression cache-miss
276 silly packumentCache corgi:https://registry.npmjs.org/@hint%2fhint-image-optimization-cloudinary cache-miss
277 silly packumentCache corgi:https://registry.npmjs.org/@hint%2fhint-no-bom cache-miss
278 silly packumentCache corgi:https://registry.npmjs.org/@hint%2fhint-ssllabs cache-miss
279 silly packumentCache corgi:https://registry.npmjs.org/@hint%2fhint-typescript-config cache-miss
280 silly packumentCache corgi:https://registry.npmjs.org/@hint%2fparser-javascript cache-miss
281 silly packumentCache corgi:https://registry.npmjs.org/@hint%2fparser-webpack-config cache-miss
282 silly packumentCache corgi:https://registry.npmjs.org/@hint%2futils-connector-tools cache-miss
283 http fetch GET 200 https://registry.npmjs.org/@hint%2fparser-webpack-config 1268ms (cache revalidated)
284 silly packumentCache corgi:https://registry.npmjs.org/@hint%2fparser-webpack-config set size:93534 disposed:false
285 http fetch GET 200 https://registry.npmjs.org/@hint%2futils-connector-tools 1271ms (cache revalidated)
286 silly packumentCache corgi:https://registry.npmjs.org/@hint%2futils-connector-tools set size:114980 disposed:false
287 http fetch GET 200 https://registry.npmjs.org/@hint%2fhint-ssllabs 1273ms (cache revalidated)
288 silly packumentCache corgi:https://registry.npmjs.org/@hint%2fhint-ssllabs set size:99792 disposed:false
289 http fetch GET 200 https://registry.npmjs.org/@hint%2fhint-no-bom 1276ms (cache revalidated)
290 silly packumentCache corgi:https://registry.npmjs.org/@hint%2fhint-no-bom set size:101661 disposed:false
291 http fetch GET 200 https://registry.npmjs.org/@hint%2fconnector-puppeteer 1279ms (cache revalidated)
292 silly packumentCache corgi:https://registry.npmjs.org/@hint%2fconnector-puppeteer set size:95233 disposed:false
293 http fetch GET 200 https://registry.npmjs.org/@hint%2fconnector-local 1281ms (cache revalidated)
294 silly packumentCache corgi:https://registry.npmjs.org/@hint%2fconnector-local set size:113287 disposed:false
295 http fetch GET 200 https://registry.npmjs.org/@hint%2fhint-typescript-config 1280ms (cache revalidated)
296 silly packumentCache corgi:https://registry.npmjs.org/@hint%2fhint-typescript-config set size:118154 disposed:false
297 http fetch GET 200 https://registry.npmjs.org/@hint%2fhint-content-type 1284ms (cache revalidated)
298 silly packumentCache corgi:https://registry.npmjs.org/@hint%2fhint-content-type set size:104887 disposed:false
299 http fetch GET 200 https://registry.npmjs.org/@hint%2fconnector-jsdom 1287ms (cache revalidated)
300 silly packumentCache corgi:https://registry.npmjs.org/@hint%2fconnector-jsdom set size:133493 disposed:false
301 http fetch GET 200 https://registry.npmjs.org/@hint%2fhint-http-compression 1286ms (cache revalidated)
302 silly packumentCache corgi:https://registry.npmjs.org/@hint%2fhint-http-compression set size:114197 disposed:false
303 http fetch GET 200 https://registry.npmjs.org/@hint%2fhint-image-optimization-cloudinary 1287ms (cache revalidated)
304 silly packumentCache corgi:https://registry.npmjs.org/@hint%2fhint-image-optimization-cloudinary set size:106927 disposed:false
305 http fetch GET 200 https://registry.npmjs.org/@hint%2fparser-javascript 1287ms (cache revalidated)
306 silly packumentCache corgi:https://registry.npmjs.org/@hint%2fparser-javascript set size:100365 disposed:false
307 silly packumentCache corgi:https://registry.npmjs.org/latest-version cache-miss
308 http fetch GET 200 https://registry.npmjs.org/latest-version 297ms (cache revalidated)
309 silly packumentCache corgi:https://registry.npmjs.org/latest-version set size:15360 disposed:false
310 silly packumentCache corgi:https://registry.npmjs.org/make-fetch-happen cache-miss
311 http fetch GET 200 https://registry.npmjs.org/make-fetch-happen 99ms (cache revalidated)
312 silly packumentCache corgi:https://registry.npmjs.org/make-fetch-happen set size:187959 disposed:false
313 silly packumentCache corgi:https://registry.npmjs.org/@hint%2fconfiguration-accessibility cache-miss
314 silly packumentCache corgi:https://registry.npmjs.org/@hint%2fconfiguration-progressive-web-apps cache-miss
315 silly packumentCache corgi:https://registry.npmjs.org/@hint%2fconfiguration-web-recommended cache-miss
316 silly packumentCache corgi:https://registry.npmjs.org/@hint%2fconfiguration-development cache-hit
317 http fetch GET 200 https://registry.npmjs.org/@hint%2fconfiguration-progressive-web-apps 586ms (cache revalidated)
318 silly packumentCache corgi:https://registry.npmjs.org/@hint%2fconfiguration-progressive-web-apps set size:100677 disposed:false
319 http fetch GET 200 https://registry.npmjs.org/@hint%2fconfiguration-web-recommended 951ms (cache revalidated)
320 silly packumentCache corgi:https://registry.npmjs.org/@hint%2fconfiguration-web-recommended set size:190308 disposed:false
321 http fetch GET 200 https://registry.npmjs.org/@hint%2fconfiguration-accessibility 955ms (cache revalidated)
322 silly packumentCache corgi:https://registry.npmjs.org/@hint%2fconfiguration-accessibility set size:64156 disposed:false
323 silly packumentCache corgi:https://registry.npmjs.org/@hint%2fhint-apple-touch-icons cache-miss
324 silly packumentCache corgi:https://registry.npmjs.org/@hint%2fhint-axe cache-miss
325 silly packumentCache corgi:https://registry.npmjs.org/@hint%2fhint-disown-opener cache-miss
326 silly packumentCache corgi:https://registry.npmjs.org/@hint%2fhint-highest-available-document-mode cache-miss
327 silly packumentCache corgi:https://registry.npmjs.org/@hint%2fhint-http-cache cache-miss
328 silly packumentCache corgi:https://registry.npmjs.org/@hint%2fhint-no-disallowed-headers cache-miss
329 silly packumentCache corgi:https://registry.npmjs.org/@hint%2fhint-no-friendly-error-pages cache-miss
330 silly packumentCache corgi:https://registry.npmjs.org/@hint%2fhint-no-html-only-headers cache-miss
331 silly packumentCache corgi:https://registry.npmjs.org/@hint%2fhint-no-protocol-relative-urls cache-miss
332 silly packumentCache corgi:https://registry.npmjs.org/@hint%2fhint-sri cache-miss
333 silly packumentCache corgi:https://registry.npmjs.org/@hint%2fhint-strict-transport-security cache-miss
334 silly packumentCache corgi:https://registry.npmjs.org/@hint%2fhint-validate-set-cookie-header cache-miss
335 silly packumentCache corgi:https://registry.npmjs.org/@hint%2fhint-x-content-type-options cache-miss
336 silly packumentCache corgi:https://registry.npmjs.org/@hint%2fparser-manifest cache-miss
337 http fetch GET 200 https://registry.npmjs.org/@hint%2fhint-highest-available-document-mode 490ms (cache revalidated)
338 silly packumentCache corgi:https://registry.npmjs.org/@hint%2fhint-highest-available-document-mode set size:106257 disposed:false
339 http fetch GET 200 https://registry.npmjs.org/@hint%2fparser-manifest 553ms (cache revalidated)
340 silly packumentCache corgi:https://registry.npmjs.org/@hint%2fparser-manifest set size:101860 disposed:false
341 http fetch GET 200 https://registry.npmjs.org/@hint%2fhint-no-friendly-error-pages 818ms (cache revalidated)
342 silly packumentCache corgi:https://registry.npmjs.org/@hint%2fhint-no-friendly-error-pages set size:102384 disposed:false
343 http fetch GET 200 https://registry.npmjs.org/@hint%2fhint-validate-set-cookie-header 821ms (cache revalidated)
344 silly packumentCache corgi:https://registry.npmjs.org/@hint%2fhint-validate-set-cookie-header set size:100775 disposed:false
345 http fetch GET 200 https://registry.npmjs.org/@hint%2fhint-apple-touch-icons 824ms (cache revalidated)
346 silly packumentCache corgi:https://registry.npmjs.org/@hint%2fhint-apple-touch-icons set size:103820 disposed:false
347 http fetch GET 200 https://registry.npmjs.org/@hint%2fhint-strict-transport-security 825ms (cache revalidated)
348 silly packumentCache corgi:https://registry.npmjs.org/@hint%2fhint-strict-transport-security set size:108888 disposed:false
349 http fetch GET 200 https://registry.npmjs.org/@hint%2fhint-axe 827ms (cache revalidated)
350 silly packumentCache corgi:https://registry.npmjs.org/@hint%2fhint-axe set size:108101 disposed:false
351 http fetch GET 200 https://registry.npmjs.org/@hint%2fhint-no-disallowed-headers 828ms (cache revalidated)
352 silly packumentCache corgi:https://registry.npmjs.org/@hint%2fhint-no-disallowed-headers set size:102963 disposed:false
353 http fetch GET 200 https://registry.npmjs.org/@hint%2fhint-http-cache 927ms (cache revalidated)
354 silly packumentCache corgi:https://registry.npmjs.org/@hint%2fhint-http-cache set size:100145 disposed:false
355 http fetch GET 200 https://registry.npmjs.org/@hint%2fhint-disown-opener 930ms (cache revalidated)
356 silly packumentCache corgi:https://registry.npmjs.org/@hint%2fhint-disown-opener set size:105435 disposed:false
357 http fetch GET 200 https://registry.npmjs.org/@hint%2fhint-x-content-type-options 929ms (cache revalidated)
358 silly packumentCache corgi:https://registry.npmjs.org/@hint%2fhint-x-content-type-options set size:102933 disposed:false
359 http fetch GET 200 https://registry.npmjs.org/@hint%2fhint-no-html-only-headers 931ms (cache revalidated)
360 silly packumentCache corgi:https://registry.npmjs.org/@hint%2fhint-no-html-only-headers set size:100656 disposed:false
361 http fetch GET 200 https://registry.npmjs.org/@hint%2fhint-sri 932ms (cache revalidated)
362 silly packumentCache corgi:https://registry.npmjs.org/@hint%2fhint-sri set size:106203 disposed:false
363 http fetch GET 200 https://registry.npmjs.org/@hint%2fhint-no-protocol-relative-urls 933ms (cache revalidated)
364 silly packumentCache corgi:https://registry.npmjs.org/@hint%2fhint-no-protocol-relative-urls set size:103561 disposed:false
365 silly packumentCache corgi:https://registry.npmjs.org/@hint%2fhint-babel-config cache-miss
366 silly packumentCache corgi:https://registry.npmjs.org/@hint%2fhint-button-type cache-miss
367 silly packumentCache corgi:https://registry.npmjs.org/@hint%2fhint-create-element-svg cache-miss
368 silly packumentCache corgi:https://registry.npmjs.org/@hint%2fhint-leading-dot-classlist cache-miss
369 silly packumentCache corgi:https://registry.npmjs.org/@hint%2fhint-manifest-app-name cache-miss
370 silly packumentCache corgi:https://registry.npmjs.org/@hint%2fhint-manifest-exists cache-miss
371 silly packumentCache corgi:https://registry.npmjs.org/@hint%2fhint-manifest-file-extension cache-miss
372 silly packumentCache corgi:https://registry.npmjs.org/@hint%2fhint-manifest-is-valid cache-miss
373 silly packumentCache corgi:https://registry.npmjs.org/@hint%2fhint-meta-charset-utf-8 cache-miss
374 silly packumentCache corgi:https://registry.npmjs.org/@hint%2fhint-meta-viewport cache-miss
375 silly packumentCache corgi:https://registry.npmjs.org/@hint%2fhint-no-http-redirects cache-miss
376 silly packumentCache corgi:https://registry.npmjs.org/@hint%2fhint-no-inline-styles cache-miss
377 silly packumentCache corgi:https://registry.npmjs.org/@hint%2fhint-scoped-svg-styles cache-miss
378 silly packumentCache corgi:https://registry.npmjs.org/@hint%2fhint-stylesheet-limits cache-miss
379 silly packumentCache corgi:https://registry.npmjs.org/@hint%2fhint-webpack-config cache-miss
380 silly packumentCache corgi:https://registry.npmjs.org/@hint%2fparser-html cache-miss
381 silly packumentCache corgi:https://registry.npmjs.org/@hint%2fparser-jsx cache-miss
382 silly packumentCache corgi:https://registry.npmjs.org/@hint%2fparser-typescript cache-miss
383 http fetch GET 200 https://registry.npmjs.org/@hint%2fhint-babel-config 598ms (cache revalidated)
384 silly packumentCache corgi:https://registry.npmjs.org/@hint%2fhint-babel-config set size:106629 disposed:false
385 http fetch GET 200 https://registry.npmjs.org/@hint%2fhint-manifest-app-name 657ms (cache revalidated)
386 silly packumentCache corgi:https://registry.npmjs.org/@hint%2fhint-manifest-app-name set size:107573 disposed:false
387 http fetch GET 200 https://registry.npmjs.org/@hint%2fhint-button-type 776ms (cache revalidated)
388 silly packumentCache corgi:https://registry.npmjs.org/@hint%2fhint-button-type set size:87626 disposed:false
389 http fetch GET 200 https://registry.npmjs.org/@hint%2fhint-scoped-svg-styles 774ms (cache revalidated)
390 silly packumentCache corgi:https://registry.npmjs.org/@hint%2fhint-scoped-svg-styles set size:70803 disposed:false
391 http fetch GET 200 https://registry.npmjs.org/@hint%2fhint-no-http-redirects 776ms (cache revalidated)
392 silly packumentCache corgi:https://registry.npmjs.org/@hint%2fhint-no-http-redirects set size:99882 disposed:false
393 http fetch GET 200 https://registry.npmjs.org/@hint%2fhint-webpack-config 791ms (cache revalidated)
394 silly packumentCache corgi:https://registry.npmjs.org/@hint%2fhint-webpack-config set size:110132 disposed:false
395 http fetch GET 200 https://registry.npmjs.org/@hint%2fhint-stylesheet-limits 849ms (cache revalidated)
396 silly packumentCache corgi:https://registry.npmjs.org/@hint%2fhint-stylesheet-limits set size:96378 disposed:false
397 http fetch GET 200 https://registry.npmjs.org/@hint%2fhint-manifest-exists 852ms (cache revalidated)
398 silly packumentCache corgi:https://registry.npmjs.org/@hint%2fhint-manifest-exists set size:106033 disposed:false
399 http fetch GET 200 https://registry.npmjs.org/@hint%2fhint-manifest-file-extension 853ms (cache revalidated)
400 silly packumentCache corgi:https://registry.npmjs.org/@hint%2fhint-manifest-file-extension set size:106074 disposed:false
401 http fetch GET 200 https://registry.npmjs.org/@hint%2fparser-typescript 851ms (cache revalidated)
402 silly packumentCache corgi:https://registry.npmjs.org/@hint%2fparser-typescript set size:54240 disposed:false
403 http fetch GET 200 https://registry.npmjs.org/@hint%2fparser-html 852ms (cache revalidated)
404 silly packumentCache corgi:https://registry.npmjs.org/@hint%2fparser-html set size:82774 disposed:false
405 http fetch GET 200 https://registry.npmjs.org/@hint%2fhint-meta-viewport 865ms (cache revalidated)
406 silly packumentCache corgi:https://registry.npmjs.org/@hint%2fhint-meta-viewport set size:102492 disposed:false
407 http fetch GET 200 https://registry.npmjs.org/@hint%2fhint-manifest-is-valid 867ms (cache revalidated)
408 silly packumentCache corgi:https://registry.npmjs.org/@hint%2fhint-manifest-is-valid set size:114301 disposed:false
409 http fetch GET 200 https://registry.npmjs.org/@hint%2fparser-jsx 865ms (cache revalidated)
410 silly packumentCache corgi:https://registry.npmjs.org/@hint%2fparser-jsx set size:52536 disposed:false
411 http fetch GET 200 https://registry.npmjs.org/@hint%2fhint-no-inline-styles 1105ms (cache revalidated)
412 silly packumentCache corgi:https://registry.npmjs.org/@hint%2fhint-no-inline-styles set size:35993 disposed:false
413 http fetch GET 200 https://registry.npmjs.org/@hint%2fhint-create-element-svg 1205ms (cache revalidated)
414 silly packumentCache corgi:https://registry.npmjs.org/@hint%2fhint-create-element-svg set size:83941 disposed:false
415 http fetch GET 200 https://registry.npmjs.org/@hint%2fhint-meta-charset-utf-8 1590ms (cache revalidated)
416 silly packumentCache corgi:https://registry.npmjs.org/@hint%2fhint-meta-charset-utf-8 set size:104543 disposed:false
417 http fetch GET 200 https://registry.npmjs.org/@hint%2fhint-leading-dot-classlist 1788ms (cache revalidated)
418 silly packumentCache corgi:https://registry.npmjs.org/@hint%2fhint-leading-dot-classlist set size:39204 disposed:false
419 silly packumentCache corgi:https://registry.npmjs.org/update-notifier cache-miss
420 http fetch GET 200 https://registry.npmjs.org/update-notifier 57ms (cache revalidated)
421 silly packumentCache corgi:https://registry.npmjs.org/update-notifier set size:56608 disposed:false
422 silly packumentCache corgi:https://registry.npmjs.org/npm-registry-fetch cache-miss
423 http fetch GET 200 https://registry.npmjs.org/npm-registry-fetch 32ms (cache revalidated)
424 silly packumentCache corgi:https://registry.npmjs.org/npm-registry-fetch set size:135954 disposed:false
425 silly ADD
426 silly ADD node_modules/string-width
427 silly ADD node_modules/emoji-regex
428 silly ADD
429 silly ADD node_modules/mimic-response
430 silly ADD node_modules/decompress-response
431 silly ADD
432 silly ADD
433 silly ADD
434 silly ADD
435 silly ADD
436 silly ADD
437 silly ADD
438 silly ADD
439 silly ADD node_modules/string-width
440 silly ADD node_modules/emoji-regex
441 silly ADD
442 silly ADD
443 silly ADD
444 silly ADD
445 silly ADD
446 silly ADD
447 silly ADD
448 silly ADD
449 silly ADD
450 verbose cwd /Users/aryanverma/Library/Application Support/Code/User/globalStorage/ms-edgedevtools.vscode-edge-devtools
451 verbose os Darwin 25.2.0
452 verbose node v25.6.1
453 verbose npm  v11.9.0
454 notice
454 notice New minor version of npm available! 11.9.0 -> 11.18.0
454 notice Changelog: https://github.com/npm/cli/releases/tag/v11.18.0
454 notice To update run: npm install -g npm@11.18.0
454 notice  { force: true, Symbol(proc-log.meta): true }
455 verbose exit 0
456 info ok
