0 verbose cli /usr/local/bin/node /usr/local/bin/npm
1 info using npm@11.9.0
2 info using node@v25.6.1
3 silly config load:file:/usr/local/lib/node_modules/npm/npmrc
4 silly config load:file:/Users/aryanverma/Library/Application Support/Code/User/globalStorage/ms-edgedevtools.vscode-edge-devtools/.npmrc
5 silly config load:file:/Users/aryanverma/.npmrc
6 silly config load:file:/usr/local/etc/npmrc
7 verbose title npm install @hint/configuration-development@latest hint@latest typescript@latest
8 verbose argv "install" "@hint/configuration-development@latest" "hint@latest" "typescript@latest" "--save-dev" "--loglevel" "verbose"
9 verbose logfile logs-max:10 dir:/Users/aryanverma/.npm/_logs/2026-07-28T03_25_47_685Z-
10 verbose logfile /Users/aryanverma/.npm/_logs/2026-07-28T03_25_47_685Z-debug-0.log
11 silly logfile done cleaning log files
12 silly packumentCache heap:2348810240 maxSize:587202560 maxEntrySize:293601280
13 silly packumentCache corgi:https://registry.npmjs.org/@hint%2fconfiguration-development cache-miss
14 silly packumentCache corgi:https://registry.npmjs.org/hint cache-miss
15 silly packumentCache corgi:https://registry.npmjs.org/typescript cache-miss
16 http fetch GET 200 https://registry.npmjs.org/hint 236ms (cache miss)
17 silly packumentCache corgi:https://registry.npmjs.org/hint set size:undefined disposed:false
18 http fetch GET 200 https://registry.npmjs.org/@hint%2fconfiguration-development 654ms (cache miss)
19 silly packumentCache corgi:https://registry.npmjs.org/@hint%2fconfiguration-development set size:undefined disposed:false
20 http fetch GET 200 https://registry.npmjs.org/typescript 1004ms (cache miss)
21 silly packumentCache corgi:https://registry.npmjs.org/typescript set size:undefined disposed:false
22 silly idealTree buildDeps
23 silly fetch manifest @hint/configuration-development@8.3.20
24 silly packumentCache full:https://registry.npmjs.org/@hint%2fconfiguration-development cache-miss
25 http fetch GET 200 https://registry.npmjs.org/@hint%2fconfiguration-development 82ms (cache miss)
26 silly packumentCache full:https://registry.npmjs.org/@hint%2fconfiguration-development set size:undefined disposed:false
27 silly fetch manifest hint@7.1.13
28 silly packumentCache full:https://registry.npmjs.org/hint cache-miss
29 http fetch GET 200 https://registry.npmjs.org/hint 57ms (cache miss)
30 silly packumentCache full:https://registry.npmjs.org/hint set size:undefined disposed:false
31 silly fetch manifest typescript@7.0.2
32 silly packumentCache full:https://registry.npmjs.org/typescript cache-miss
33 http fetch GET 200 https://registry.npmjs.org/typescript 638ms (cache miss)
34 silly packumentCache full:https://registry.npmjs.org/typescript set size:undefined disposed:false
35 silly placeDep ROOT @hint/configuration-development@8.3.20 REPLACE for: ms-edgedevtools.vscode-edge-devtools@1.0.0 want: 8.3.20
36 silly placeDep ROOT hint@7.1.13 REPLACE for: ms-edgedevtools.vscode-edge-devtools@1.0.0 want: 7.1.13
37 silly placeDep ROOT typescript@7.0.2 REPLACE for: ms-edgedevtools.vscode-edge-devtools@1.0.0 want: 7.0.2
38 silly reify moves {}
39 silly audit bulk request {
39 silly audit   '@hint/configuration-accessibility': [ '2.0.28' ],
39 silly audit   '@hint/configuration-progressive-web-apps': [ '7.0.29' ],
39 silly audit   '@hint/configuration-web-recommended': [ '8.2.24' ],
39 silly audit   '@hint/connector-jsdom': [ '4.1.28' ],
39 silly audit   '@hint/connector-local': [ '3.2.28' ],
39 silly audit   '@hint/connector-puppeteer': [ '2.5.25' ],
39 silly audit   '@hint/formatter-html': [ '4.3.17' ],
39 silly audit   '@hint/formatter-json': [ '3.1.36' ],
39 silly audit   '@hint/formatter-stylish': [ '3.1.36' ],
39 silly audit   '@hint/formatter-summary': [ '3.0.39' ],
39 silly audit   '@hint/hint-apple-touch-icons': [ '4.0.23' ],
39 silly audit   '@hint/hint-axe': [ '4.4.21' ],
39 silly audit   '@hint/hint-babel-config': [ '2.4.28' ],
39 silly audit   '@hint/hint-button-type': [ '3.0.23' ],
39 silly audit   '@hint/hint-compat-api': [ '4.5.8' ],
39 silly audit   '@hint/hint-content-type': [ '4.2.27' ],
39 silly audit   '@hint/hint-create-element-svg': [ '1.3.27' ],
39 silly audit   '@hint/hint-css-prefix-order': [ '1.5.8' ],
39 silly audit   '@hint/hint-detect-css-reflows': [ '1.0.7' ],
39 silly audit   '@hint/hint-disown-opener': [ '4.0.23' ],
39 silly audit   '@hint/hint-highest-available-document-mode': [ '5.0.23' ],
39 silly audit   '@hint/hint-html-checker': [ '3.3.27' ],
39 silly audit   '@hint/hint-http-cache': [ '4.0.23' ],
39 silly audit   '@hint/hint-http-compression': [ '5.2.27' ],
39 silly audit   '@hint/hint-image-optimization-cloudinary': [ '3.2.27' ],
39 silly audit   '@hint/hint-leading-dot-classlist': [ '1.0.20' ],
39 silly audit   '@hint/hint-manifest-app-name': [ '2.4.29' ],
39 silly audit   '@hint/hint-manifest-exists': [ '2.4.29' ],
39 silly audit   '@hint/hint-manifest-file-extension': [ '3.0.24' ],
39 silly audit   '@hint/hint-manifest-is-valid': [ '3.4.20' ],
39 silly audit   '@hint/hint-meta-charset-utf-8': [ '4.0.23' ],
39 silly audit   '@hint/hint-meta-viewport': [ '5.0.23' ],
39 silly audit   '@hint/hint-no-bom': [ '4.2.27' ],
39 silly audit   '@hint/hint-no-disallowed-headers': [ '3.1.22' ],
39 silly audit   '@hint/hint-no-friendly-error-pages': [ '3.3.27' ],
39 silly audit   '@hint/hint-no-html-only-headers': [ '3.0.23' ],
39 silly audit   '@hint/hint-no-http-redirects': [ '3.0.23' ],
39 silly audit   '@hint/hint-no-inline-styles': [ '1.0.19' ],
39 silly audit   '@hint/hint-no-protocol-relative-urls': [ '3.1.7' ],
39 silly audit   '@hint/hint-no-vulnerable-javascript-libraries': [ '2.12.22' ],
39 silly audit   '@hint/hint-scoped-svg-styles': [ '1.3.28' ],
39 silly audit   '@hint/hint-sri': [ '4.0.23' ],
39 silly audit   '@hint/hint-ssllabs': [ '2.4.27' ],
39 silly audit   '@hint/hint-strict-transport-security': [ '3.0.23' ],
39 silly audit   '@hint/hint-stylesheet-limits': [ '3.3.27' ],
39 silly audit   '@hint/hint-typescript-config': [ '2.5.16' ],
39 silly audit   '@hint/hint-validate-set-cookie-header': [ '3.0.23' ],
39 silly audit   '@hint/hint-webpack-config': [ '2.4.30' ],
39 silly audit   '@hint/hint-x-content-type-options': [ '4.0.23' ],
39 silly audit   '@hint/parser-babel-config': [ '2.1.43' ],
39 silly audit   '@hint/parser-css': [ '3.0.39' ],
39 silly audit   '@hint/parser-html': [ '3.1.4' ],
39 silly audit   '@hint/parser-javascript': [ '3.1.25' ],
39 silly audit   '@hint/parser-jsx': [ '1.1.6' ],
39 silly audit   '@hint/parser-less': [ '1.0.31' ],
39 silly audit   '@hint/parser-manifest': [ '2.3.20' ],
39 silly audit   '@hint/parser-sass': [ '1.0.31' ],
39 silly audit   '@hint/parser-typescript': [ '1.0.26' ],
39 silly audit   '@hint/parser-typescript-config': [ '2.4.31' ],
39 silly audit   '@hint/parser-webpack-config': [ '2.1.42' ],
39 silly audit   '@hint/utils': [ '7.0.24' ],
39 silly audit   '@hint/utils-compat-data': [ '1.1.13' ],
39 silly audit   '@hint/utils-connector-tools': [ '4.0.42' ],
39 silly audit   '@hint/utils-css': [ '1.0.15' ],
39 silly audit   '@hint/utils-debug': [ '1.0.11' ],
39 silly audit   '@hint/utils-dom': [ '2.2.4' ],
39 silly audit   '@hint/utils-fs': [ '1.0.16' ],
39 silly audit   '@hint/utils-i18n': [ '1.0.15' ],
39 silly audit   '@hint/utils-json': [ '1.0.28' ],
39 silly audit   '@hint/utils-network': [ '1.0.27' ],
39 silly audit   '@hint/utils-string': [ '1.0.14' ],
39 silly audit   '@hint/utils-types': [ '1.2.1' ],
39 silly audit   '@isaacs/cliui': [ '8.0.2' ],
39 silly audit   'ansi-regex': [ '6.2.2', '5.0.1' ],
39 silly audit   'strip-ansi': [ '7.1.2', '6.0.1' ],
39 silly audit   '@mapbox/node-pre-gyp': [ '1.0.11' ],
39 silly audit   '@mdn/browser-compat-data': [ '5.7.6' ],
39 silly audit   '@nodelib/fs.scandir': [ '2.1.5' ],
39 silly audit   '@nodelib/fs.stat': [ '2.0.5' ],
39 silly audit   '@nodelib/fs.walk': [ '1.2.8' ],
39 silly audit   '@npmcli/fs': [ '3.1.1' ],
39 silly audit   '@pkgjs/parseargs': [ '0.11.0' ],
39 silly audit   '@sindresorhus/is': [ '4.6.0', '0.14.0' ],
39 silly audit   '@szmarczak/http-timer': [ '4.0.6', '1.1.2' ],
39 silly audit   '@tokenizer/token': [ '0.3.0' ],
39 silly audit   '@tootallnate/once': [ '2.0.0' ],
39 silly audit   '@types/cacheable-request': [ '6.0.3' ],
39 silly audit   '@types/estree': [ '1.0.8' ],
39 silly audit   '@types/estree-jsx': [ '0.0.1' ],
39 silly audit   '@types/http-cache-semantics': [ '4.2.0' ],
39 silly audit   '@types/keyv': [ '3.1.4' ],
39 silly audit   '@types/node': [ '25.3.0' ],
39 silly audit   '@types/parse5': [ '6.0.3' ],
39 silly audit   '@types/responselike': [ '1.0.3' ],
39 silly audit   '@types/yauzl': [ '2.10.3' ],
39 silly audit   '@typescript-eslint/types': [ '5.62.0' ],
39 silly audit   '@typescript-eslint/typescript-estree': [ '5.62.0' ],
39 silly audit   '@typescript-eslint/visitor-keys': [ '5.62.0' ],
39 silly audit   '@typescript/typescript-aix-ppc64': [ '7.0.2' ],
39 silly audit   '@typescript/typescript-darwin-arm64': [ '7.0.2' ],
39 silly audit   '@typescript/typescript-darwin-x64': [ '7.0.2' ],
39 silly audit   '@typescript/typescript-freebsd-arm64': [ '7.0.2' ],
39 silly audit   '@typescript/typescript-freebsd-x64': [ '7.0.2' ],
39 silly audit   '@typescript/typescript-linux-arm': [ '7.0.2' ],
39 silly audit   '@typescript/typescript-linux-arm64': [ '7.0.2' ],
39 silly audit   '@typescript/typescript-linux-loong64': [ '7.0.2' ],
39 silly audit   '@typescript/typescript-linux-mips64el': [ '7.0.2' ],
39 silly audit   '@typescript/typescript-linux-ppc64': [ '7.0.2' ],
39 silly audit   '@typescript/typescript-linux-riscv64': [ '7.0.2' ],
39 silly audit   '@typescript/typescript-linux-s390x': [ '7.0.2' ],
39 silly audit   '@typescript/typescript-linux-x64': [ '7.0.2' ],
39 silly audit   '@typescript/typescript-netbsd-arm64': [ '7.0.2' ],
39 silly audit   '@typescript/typescript-netbsd-x64': [ '7.0.2' ],
39 silly audit   '@typescript/typescript-openbsd-arm64': [ '7.0.2' ],
39 silly audit   '@typescript/typescript-openbsd-x64': [ '7.0.2' ],
39 silly audit   '@typescript/typescript-sunos-x64': [ '7.0.2' ],
39 silly audit   '@typescript/typescript-win32-arm64': [ '7.0.2' ],
39 silly audit   '@typescript/typescript-win32-x64': [ '7.0.2' ],
39 silly audit   abab: [ '2.0.6' ],
39 silly audit   abbrev: [ '1.1.1' ],
39 silly audit   'abort-controller': [ '3.0.0' ],
39 silly audit   acorn: [ '8.16.0' ],
39 silly audit   'acorn-globals': [ '7.0.1' ],
39 silly audit   'acorn-jsx': [ '5.3.2' ],
39 silly audit   'acorn-jsx-walk': [ '2.0.0' ],
39 silly audit   'acorn-walk': [ '8.3.5' ],
39 silly audit   'agent-base': [ '6.0.2' ],
39 silly audit   agentkeepalive: [ '4.6.0' ],
39 silly audit   'aggregate-error': [ '3.1.0' ],
39 silly audit   ajv: [ '8.18.0' ],
39 silly audit   'ajv-formats': [ '2.1.1' ],
39 silly audit   'ansi-align': [ '3.0.1' ],
39 silly audit   'emoji-regex': [ '8.0.0', '9.2.2' ],
39 silly audit   'string-width': [ '4.2.3', '5.1.2' ],
39 silly audit   'ansi-styles': [ '4.3.0', '6.2.3' ],
39 silly audit   anymatch: [ '3.1.3' ],
39 silly audit   aproba: [ '2.1.0' ],
39 silly audit   'are-we-there-yet': [ '2.0.0' ],
39 silly audit   'array-union': [ '2.1.0' ],
39 silly audit   async: [ '3.2.6' ],
39 silly audit   asynckit: [ '0.4.0' ],
39 silly audit   'axe-core': [ '4.11.1' ],
39 silly audit   'balanced-match': [ '1.0.2' ],
39 silly audit   'base64-js': [ '1.5.1' ],
39 silly audit   'baseline-browser-mapping': [ '2.10.0' ],
39 silly audit   bcp47: [ '1.1.2' ],
39 silly audit   'binary-extensions': [ '2.3.0' ],
39 silly audit   bl: [ '4.1.0' ],
39 silly audit   boolbase: [ '1.0.0' ],
39 silly audit   boxen: [ '5.1.2' ],
39 silly audit   'wrap-ansi': [ '7.0.0', '8.1.0' ],
39 silly audit   'brace-expansion': [ '2.0.2', '1.1.12' ],
39 silly audit   braces: [ '3.0.3' ],
39 silly audit   browserslist: [ '4.28.1' ],
39 silly audit   buffer: [ '5.7.1', '6.0.3' ],
39 silly audit   'buffer-crc32': [ '0.2.13' ],
39 silly audit   cacache: [ '17.1.4' ],
39 silly audit   minipass: [ '7.1.3', '5.0.0', '3.3.6' ],
39 silly audit   'cacheable-lookup': [ '5.0.4' ],
39 silly audit   'cacheable-request': [ '7.0.4', '6.1.0' ],
39 silly audit   'call-bind-apply-helpers': [ '1.0.2' ],
39 silly audit   camelcase: [ '6.3.0' ],
39 silly audit   'caniuse-lite': [ '1.0.30001770' ],
39 silly audit   canvas: [ '2.11.2' ],
39 silly audit   chalk: [ '4.1.2' ],
39 silly audit   chokidar: [ '3.6.0' ],
39 silly audit   chownr: [ '2.0.0', '1.1.4' ],
39 silly audit   'ci-info': [ '3.9.0', '2.0.0' ],
39 silly audit   'clean-stack': [ '2.2.0' ],
39 silly audit   'cli-boxes': [ '2.2.1' ],
39 silly audit   'cli-cursor': [ '3.1.0' ],
39 silly audit   'cli-spinners': [ '2.9.2' ],
39 silly audit   clone: [ '1.0.4' ],
39 silly audit   'clone-response': [ '1.0.3' ],
39 silly audit   cloudinary: [ '2.9.0' ],
39 silly audit   'color-convert': [ '2.0.1' ],
39 silly audit   'color-name': [ '1.1.4' ],
39 silly audit   'color-string': [ '1.9.1' ],
39 silly audit   'color-support': [ '1.1.3' ],
39 silly audit   'combined-stream': [ '1.0.8' ],
39 silly audit   'concat-map': [ '0.0.1' ],
39 silly audit   configstore: [ '5.0.1' ],
39 silly audit   'console-control-strings': [ '1.1.0' ],
39 silly audit   'content-type': [ '1.0.5' ],
39 silly audit   'cross-fetch': [ '3.1.5' ],
39 silly audit   'node-fetch': [ '2.6.7', '2.7.0' ],
39 silly audit   tr46: [ '0.0.3', '4.1.1', '3.0.0' ],
39 silly audit   'webidl-conversions': [ '3.0.1', '7.0.0' ],
39 silly audit   'whatwg-url': [ '5.0.0', '12.0.1', '11.0.0' ],
39 silly audit   'cross-spawn': [ '7.0.6' ],
39 silly audit   'crypto-random-string': [ '2.0.0' ],
39 silly audit   'css-select': [ '4.3.0' ],
39 silly audit   'css-what': [ '6.2.2' ],
39 silly audit   cssesc: [ '3.0.0' ],
39 silly audit   cssstyle: [ '3.0.0' ],
39 silly audit   'data-urls': [ '3.0.2', '4.0.0' ],
39 silly audit   debug: [ '4.3.4' ],
39 silly audit   'decimal.js': [ '10.6.0' ],
39 silly audit   'decompress-response': [ '6.0.0', '3.3.0', '4.2.1' ],
39 silly audit   'mimic-response': [ '3.1.0', '1.0.1', '2.1.0' ],
39 silly audit   'deep-extend': [ '0.6.0' ],
39 silly audit   'deep-is': [ '0.1.4' ],
39 silly audit   defaults: [ '1.0.4' ],
39 silly audit   'defer-to-connect': [ '2.0.1', '1.1.3' ],
39 silly audit   'delayed-stream': [ '1.0.0' ],
39 silly audit   delegates: [ '1.0.0' ],
39 silly audit   'detect-libc': [ '2.1.2' ],
39 silly audit   'devtools-protocol': [ '0.0.981744' ],
39 silly audit   'dir-glob': [ '3.0.1' ],
39 silly audit   'dom-serializer': [ '1.4.1' ],
39 silly audit   domelementtype: [ '2.3.0' ],
39 silly audit   domexception: [ '4.0.0' ],
39 silly audit   domhandler: [ '4.3.1' ],
39 silly audit   domutils: [ '2.8.0' ],
39 silly audit   'dot-prop': [ '5.3.0' ],
39 silly audit   'dunder-proto': [ '1.0.1' ],
39 silly audit   duplexer3: [ '0.1.5' ],
39 silly audit   eastasianwidth: [ '0.2.0' ],
39 silly audit   ejs: [ '3.1.10' ],
39 silly audit   'electron-to-chromium': [ '1.5.286' ],
39 silly audit   encoding: [ '0.1.13' ],
39 silly audit   'end-of-stream': [ '1.4.5' ],
39 silly audit   entities: [ '2.2.0', '6.0.1' ],
39 silly audit   'err-code': [ '2.0.3' ],
39 silly audit   'es-define-property': [ '1.0.1' ],
39 silly audit   'es-errors': [ '1.3.0' ],
39 silly audit   'es-object-atoms': [ '1.1.1' ],
39 silly audit   'es-set-tostringtag': [ '2.1.0' ],
39 silly audit   escalade: [ '3.2.0' ],
39 silly audit   'escape-goat': [ '2.1.1' ],
39 silly audit   escodegen: [ '2.1.0' ],
39 silly audit   'eslint-visitor-keys': [ '3.4.3' ],
39 silly audit   esprima: [ '4.0.1' ],
39 silly audit   estraverse: [ '5.3.0' ],
39 silly audit   esutils: [ '2.0.3' ],
39 silly audit   'event-target-shim': [ '5.0.1' ],
39 silly audit   eventemitter2: [ '6.4.9' ],
39 silly audit   events: [ '3.3.0' ],
39 silly audit   execa: [ '4.1.0' ],
39 silly audit   'extract-zip': [ '2.0.1' ],
39 silly audit   'fast-deep-equal': [ '3.1.3' ],
39 silly audit   'fast-glob': [ '3.3.3' ],
39 silly audit   'fast-levenshtein': [ '2.0.6' ],
39 silly audit   'fast-uri': [ '3.1.0' ],
39 silly audit   'fast-xml-parser': [ '4.5.3' ],
39 silly audit   fastq: [ '1.20.1' ],
39 silly audit   'fd-slicer': [ '1.1.0' ],
39 silly audit   'file-type': [ '16.5.4' ],
39 silly audit   filelist: [ '1.0.4' ],
39 silly audit   'fill-range': [ '7.1.1' ],
39 silly audit   'find-up': [ '4.1.0' ],
39 silly audit   'foreground-child': [ '3.3.1' ],
39 silly audit   'signal-exit': [ '4.1.0', '3.0.7' ],
39 silly audit   'form-data': [ '4.0.5' ],
39 silly audit   'fs-constants': [ '1.0.0' ],
39 silly audit   'fs-extra': [ '11.3.3' ],
39 silly audit   'fs-minipass': [ '3.0.3', '2.1.0' ],
39 silly audit   'fs.realpath': [ '1.0.0' ],
39 silly audit   fsevents: [ '2.3.3' ],
39 silly audit   'function-bind': [ '1.1.2' ],
39 silly audit   gauge: [ '3.0.2' ],
39 silly audit   'get-intrinsic': [ '1.3.0' ],
39 silly audit   'get-proto': [ '1.0.1' ],
39 silly audit   'get-stream': [ '5.2.0', '4.1.0' ],
39 silly audit   glob: [ '10.5.0', '7.2.3' ],
39 silly audit   'glob-parent': [ '5.1.2' ],
39 silly audit   minimatch: [ '9.0.5', '5.1.6', '3.1.2' ],
39 silly audit   'global-dirs': [ '3.0.1' ],
39 silly audit   globby: [ '11.1.0' ],
39 silly audit   'gonzales-pe': [ '4.3.0' ],
39 silly audit   gopd: [ '1.2.0' ],
39 silly audit   got: [ '11.8.6', '9.6.0' ],
39 silly audit   'graceful-fs': [ '4.2.11' ],
39 silly audit   'has-flag': [ '4.0.0' ],
39 silly audit   'has-symbols': [ '1.1.0' ],
39 silly audit   'has-tostringtag': [ '1.0.2' ],
39 silly audit   'has-unicode': [ '2.0.1' ],
39 silly audit   'has-yarn': [ '2.1.0' ],
39 silly audit   hasown: [ '2.0.2' ],
39 silly audit   'hosted-git-info': [ '6.1.3' ],
39 silly audit   'html-encoding-sniffer': [ '3.0.0' ],
39 silly audit   'http-cache-semantics': [ '4.2.0' ],
39 silly audit   'http-proxy-agent': [ '5.0.0' ],
39 silly audit   'http2-wrapper': [ '1.0.3' ],
39 silly audit   https: [ '1.0.0' ],
39 silly audit   'https-proxy-agent': [ '5.0.1' ],
39 silly audit   'human-signals': [ '1.1.1' ],
39 silly audit   'humanize-ms': [ '1.2.1' ],
39 silly audit   'iconv-lite': [ '0.6.3' ],
39 silly audit   ieee754: [ '1.2.1' ],
39 silly audit   ignore: [ '5.3.2' ],
39 silly audit   'image-size': [ '1.2.1' ],
39 silly audit   'import-lazy': [ '2.1.0' ],
39 silly audit   imurmurhash: [ '0.1.4' ],
39 silly audit   'indent-string': [ '4.0.0' ],
39 silly audit   inflight: [ '1.0.6' ],
39 silly audit   inherits: [ '2.0.4' ],
39 silly audit   ini: [ '2.0.0', '1.3.8' ],
39 silly audit   'invert-kv': [ '3.0.1' ],
39 silly audit   'ip-address': [ '10.1.0' ],
39 silly audit   'is-arrayish': [ '0.3.4' ],
39 silly audit   'is-binary-path': [ '2.1.0' ],
39 silly audit   'is-ci': [ '3.0.1', '2.0.0' ],
39 silly audit   'is-docker': [ '2.2.1' ],
39 silly audit   'is-extglob': [ '2.1.1' ],
39 silly audit   'is-fullwidth-code-point': [ '3.0.0' ],
39 silly audit   'is-glob': [ '4.0.3' ],
39 silly audit   'is-installed-globally': [ '0.4.0' ],
39 silly audit   'is-interactive': [ '1.0.0' ],
39 silly audit   'is-lambda': [ '1.0.1' ],
39 silly audit   'is-npm': [ '5.0.0' ],
39 silly audit   'is-number': [ '7.0.0' ],
39 silly audit   'is-obj': [ '2.0.0' ],
39 silly audit   'is-path-inside': [ '3.0.3' ],
39 silly audit   'is-potential-custom-element-name': [ '1.0.1' ],
39 silly audit   'is-stream': [ '2.0.1' ],
39 silly audit   'is-svg': [ '4.4.0' ],
39 silly audit   'is-typedarray': [ '1.0.0' ],
39 silly audit   'is-unicode-supported': [ '0.1.0' ],
39 silly audit   'is-wsl': [ '2.2.0' ],
39 silly audit   'is-yarn-global': [ '0.3.0' ],
39 silly audit   isexe: [ '2.0.0' ],
39 silly audit   jackspeak: [ '3.4.3' ],
39 silly audit   jake: [ '10.9.4' ],
39 silly audit   'js-library-detector': [ '6.7.0' ],
39 silly audit   jsdom: [ '21.1.2' ],
39 silly audit   parse5: [ '7.3.0', '6.0.1' ],
39 silly audit   'json-buffer': [ '3.0.1', '3.0.0' ],
39 silly audit   'json-schema-traverse': [ '1.0.0' ],
39 silly audit   'jsonc-parser': [ '3.3.1' ],
39 silly audit   jsonfile: [ '6.2.0' ],
39 silly audit   jsonparse: [ '1.3.1' ],
39 silly audit   keyv: [ '4.5.4', '3.1.0' ],
39 silly audit   'latest-version': [ '5.1.0' ],
39 silly audit   lcid: [ '3.1.1' ],
39 silly audit   levn: [ '0.4.1' ],
39 silly audit   'locate-path': [ '5.0.0' ],
39 silly audit   lockfile: [ '1.0.4' ],
39 silly audit   lodash: [ '4.17.23' ],
39 silly audit   'log-symbols': [ '4.1.0' ],
39 silly audit   'lowercase-keys': [ '2.0.0', '1.0.1' ],
39 silly audit   'lru-cache': [ '7.18.3', '10.4.3' ],
39 silly audit   'make-dir': [ '3.1.0' ],
39 silly audit   semver: [ '6.3.1', '7.7.4' ],
39 silly audit   'make-fetch-happen': [ '11.1.1' ],
39 silly audit   'map-age-cleaner': [ '0.1.3' ],
39 silly audit   'math-intrinsics': [ '1.1.0' ],
39 silly audit   'mdn-data': [ '2.27.1' ],
39 silly audit   mem: [ '5.1.1' ],
39 silly audit   'merge-stream': [ '2.0.0' ],
39 silly audit   merge2: [ '1.4.1' ],
39 silly audit   'metaviewport-parser': [ '0.3.0' ],
39 silly audit   micromatch: [ '4.0.8' ],
39 silly audit   'mime-db': [ '1.52.0' ],
39 silly audit   'mime-types': [ '2.1.35' ],
39 silly audit   'mimic-fn': [ '2.1.0' ],
39 silly audit   minimist: [ '1.2.8' ],
39 silly audit   'minipass-collect': [ '1.0.2' ],
39 silly audit   'minipass-fetch': [ '3.0.5' ],
39 silly audit   'minipass-flush': [ '1.0.5' ],
39 silly audit   'minipass-json-stream': [ '1.0.2' ],
39 silly audit   'minipass-pipeline': [ '1.2.4' ],
39 silly audit   'minipass-sized': [ '1.0.3' ],
39 silly audit   minizlib: [ '2.1.2' ],
39 silly audit   mkdirp: [ '1.0.4' ],
39 silly audit   'mkdirp-classic': [ '0.5.3' ],
39 silly audit   ms: [ '2.1.2' ],
39 silly audit   'mutationobserver-shim': [ '0.3.7' ],
39 silly audit   nan: [ '2.25.0' ],
39 silly audit   nanoid: [ '3.3.11' ],
39 silly audit   negotiator: [ '0.6.4' ],
39 silly audit   'node-releases': [ '2.0.27' ],
39 silly audit   nopt: [ '5.0.0' ],
39 silly audit   'normalize-path': [ '3.0.0' ],
39 silly audit   'normalize-url': [ '6.1.0', '4.5.1' ],
39 silly audit   'npm-package-arg': [ '10.1.0' ],
39 silly audit   'npm-registry-fetch': [ '14.0.5' ],
39 silly audit   'npm-run-path': [ '4.0.1' ],
39 silly audit   npmlog: [ '5.0.1' ],
39 silly audit   'nth-check': [ '2.1.1' ],
39 silly audit   nwsapi: [ '2.2.23' ],
39 silly audit   'object-assign': [ '4.1.1' ],
39 silly audit   once: [ '1.4.0' ],
39 silly audit   onetime: [ '5.1.2' ],
39 silly audit   optionator: [ '0.9.4' ],
39 silly audit   ora: [ '5.4.1' ],
39 silly audit   'os-locale': [ '5.0.0' ],
39 silly audit   'p-cancelable': [ '2.1.1', '1.1.0' ],
39 silly audit   'p-defer': [ '1.0.0' ],
39 silly audit   'p-is-promise': [ '2.1.0' ],
39 silly audit   'p-limit': [ '2.3.0' ],
39 silly audit   'p-locate': [ '4.1.0' ],
39 silly audit   'p-map': [ '4.0.0' ],
39 silly audit   'p-try': [ '2.2.0' ],
39 silly audit   'package-json': [ '6.5.0' ],
39 silly audit   'package-json-from-dist': [ '1.0.1' ],
39 silly audit   responselike: [ '1.0.2', '2.0.1' ],
39 silly audit   'parse5-htmlparser2-tree-adapter': [ '6.0.1' ],
39 silly audit   'path-exists': [ '4.0.0' ],
39 silly audit   'path-is-absolute': [ '1.0.1' ],
39 silly audit   'path-key': [ '3.1.1' ],
39 silly audit   'path-scurry': [ '1.11.1' ],
39 silly audit   'path-type': [ '4.0.0' ],
39 silly audit   'peek-readable': [ '4.1.0' ],
39 silly audit   pend: [ '1.2.0' ],
39 silly audit   picocolors: [ '1.1.1' ],
39 silly audit   picomatch: [ '2.3.1' ],
39 silly audit   'pkg-dir': [ '4.2.0' ],
39 silly audit   postcss: [ '8.5.6' ],
39 silly audit   'postcss-less': [ '5.0.0' ],
39 silly audit   'postcss-safe-parser': [ '6.0.0' ],
39 silly audit   'postcss-sass': [ '0.5.0' ],
39 silly audit   'postcss-scss': [ '4.0.9' ],
39 silly audit   'postcss-selector-parser': [ '6.1.2' ],
39 silly audit   'postcss-value-parser': [ '4.2.0' ],
39 silly audit   'prelude-ls': [ '1.2.1' ],
39 silly audit   'prepend-http': [ '2.0.0' ],
39 silly audit   'proc-log': [ '3.0.0' ],
39 silly audit   process: [ '0.11.10' ],
39 silly audit   progress: [ '2.0.3' ],
39 silly audit   'promise-retry': [ '2.0.1' ],
39 silly audit   'proxy-from-env': [ '1.1.0' ],
39 silly audit   psl: [ '1.15.0' ],
39 silly audit   pump: [ '3.0.3' ],
39 silly audit   punycode: [ '2.3.1' ],
39 silly audit   pupa: [ '2.1.1' ],
39 silly audit   'puppeteer-core': [ '13.7.0' ],
39 silly audit   ws: [ '8.5.0', '8.19.0' ],
39 silly audit   querystringify: [ '2.2.0' ],
39 silly audit   queue: [ '6.0.2' ],
39 silly audit   'queue-microtask': [ '1.2.3' ],
39 silly audit   'quick-lru': [ '5.1.1' ],
39 silly audit   rc: [ '1.2.8' ],
39 silly audit   'readable-stream': [ '3.6.2', '4.7.0' ],
39 silly audit   'readable-web-to-node-stream': [ '3.0.4' ],
39 silly audit   readdirp: [ '3.6.0' ],
39 silly audit   'registry-auth-token': [ '4.2.2' ],
39 silly audit   'registry-url': [ '5.1.0' ],
39 silly audit   'require-from-string': [ '2.0.2' ],
39 silly audit   'requires-port': [ '1.0.0' ],
39 silly audit   'resolve-alpn': [ '1.2.1' ],
39 silly audit   'restore-cursor': [ '3.1.0' ],
39 silly audit   retry: [ '0.12.0' ],
39 silly audit   reusify: [ '1.1.0' ],
39 silly audit   rimraf: [ '3.0.2' ],
39 silly audit   'rrweb-cssom': [ '0.6.0' ],
39 silly audit   'run-parallel': [ '1.2.0' ],
39 silly audit   'safe-buffer': [ '5.2.1' ],
39 silly audit   'safer-buffer': [ '2.1.2' ],
39 silly audit   saxes: [ '6.0.0' ],
39 silly audit   'semver-diff': [ '3.1.1' ],
39 silly audit   'set-blocking': [ '2.0.0' ],
39 silly audit   setimmediate: [ '1.0.5' ],
39 silly audit   'shebang-command': [ '2.0.0' ],
39 silly audit   'shebang-regex': [ '3.0.0' ],
39 silly audit   'simple-concat': [ '1.0.1' ],
39 silly audit   'simple-get': [ '3.1.1' ],
39 silly audit   'simple-swizzle': [ '0.2.4' ],
39 silly audit   slash: [ '3.0.0' ],
39 silly audit   'smart-buffer': [ '4.2.0' ],
39 silly audit   socks: [ '2.8.7' ],
39 silly audit   'socks-proxy-agent': [ '7.0.0' ],
39 silly audit   'source-map': [ '0.6.1' ],
39 silly audit   'source-map-js': [ '1.2.1' ],
39 silly audit   ssri: [ '10.0.6' ],
39 silly audit   string_decoder: [ '1.3.0' ],
39 silly audit   'strip-final-newline': [ '2.0.0' ],
39 silly audit   'strip-json-comments': [ '2.0.1' ],
39 silly audit   strnum: [ '1.1.2' ],
39 silly audit   strtok3: [ '6.3.0' ],
39 silly audit   'supports-color': [ '7.2.0' ],
39 silly audit   'symbol-tree': [ '3.2.4' ],
39 silly audit   tar: [ '6.2.1' ],
39 silly audit   'tar-fs': [ '2.1.1' ],
39 silly audit   'tar-stream': [ '2.2.0' ],
39 silly audit   'text-table': [ '0.2.0' ],
39 silly audit   through: [ '2.3.8' ],
39 silly audit   'to-readable-stream': [ '1.0.0' ],
39 silly audit   'to-regex-range': [ '5.0.1' ],
39 silly audit   'token-types': [ '4.2.1' ],
39 silly audit   'tough-cookie': [ '4.1.4' ],
39 silly audit   universalify: [ '0.2.0', '2.0.1' ],
39 silly audit   tslib: [ '1.14.1' ],
39 silly audit   tsutils: [ '3.21.0' ],
39 silly audit   'type-check': [ '0.4.0' ],
39 silly audit   'type-fest': [ '0.20.2' ],
39 silly audit   'typedarray-to-buffer': [ '3.1.5' ],
39 silly audit   'unbzip2-stream': [ '1.4.3' ],
39 silly audit   'undici-types': [ '7.18.2' ],
39 silly audit   'unique-filename': [ '3.0.0' ],
39 silly audit   'unique-slug': [ '4.0.0' ],
39 silly audit   'unique-string': [ '2.0.0' ],
39 silly audit   'update-browserslist-db': [ '1.2.3' ],
39 silly audit   'update-notifier': [ '5.1.0' ],
39 silly audit   'url-parse': [ '1.5.10' ],
39 silly audit   'url-parse-lax': [ '3.0.0' ],
39 silly audit   'util-deprecate': [ '1.0.2' ],
39 silly audit   'validate-npm-package-name': [ '5.0.1' ],
39 silly audit   'w3c-xmlserializer': [ '4.0.0' ],
39 silly audit   wcwidth: [ '1.0.1' ],
39 silly audit   'whatwg-encoding': [ '2.0.0' ],
39 silly audit   'whatwg-mimetype': [ '3.0.0' ],
39 silly audit   which: [ '2.0.2' ],
39 silly audit   'wide-align': [ '1.1.5' ],
39 silly audit   'widest-line': [ '3.1.0' ],
39 silly audit   'word-wrap': [ '1.2.5' ],
39 silly audit   wrappy: [ '1.0.2' ],
39 silly audit   'write-file-atomic': [ '3.0.3' ],
39 silly audit   'xdg-basedir': [ '4.0.0' ],
39 silly audit   'xml-name-validator': [ '4.0.0' ],
39 silly audit   xmlchars: [ '2.2.0' ],
39 silly audit   yallist: [ '4.0.0' ],
39 silly audit   yauzl: [ '2.10.0' ],
39 silly audit   '@hint/configuration-development': [ '8.3.20' ],
39 silly audit   hint: [ '7.1.13' ],
39 silly audit   typescript: [ '7.0.2' ]
39 silly audit }
40 http cache wide-align@https://registry.npmjs.org/wide-align/-/wide-align-1.1.5.tgz 0ms (cache hit)
41 http cache simple-get@https://registry.npmjs.org/simple-get/-/simple-get-3.1.1.tgz 0ms (cache hit)
42 http cache simple-concat@https://registry.npmjs.org/simple-concat/-/simple-concat-1.0.1.tgz 0ms (cache hit)
43 http cache object-assign@https://registry.npmjs.org/object-assign/-/object-assign-4.1.1.tgz 1ms (cache hit)
44 http cache npmlog@https://registry.npmjs.org/npmlog/-/npmlog-5.0.1.tgz 0ms (cache hit)
45 http cache nopt@https://registry.npmjs.org/nopt/-/nopt-5.0.0.tgz 0ms (cache hit)
46 http cache set-blocking@https://registry.npmjs.org/set-blocking/-/set-blocking-2.0.0.tgz 0ms (cache hit)
47 http cache nan@https://registry.npmjs.org/nan/-/nan-2.25.0.tgz 0ms (cache hit)
48 http cache gauge@https://registry.npmjs.org/gauge/-/gauge-3.0.2.tgz 0ms (cache hit)
49 http cache has-unicode@https://registry.npmjs.org/has-unicode/-/has-unicode-2.0.1.tgz 0ms (cache hit)
50 http cache detect-libc@https://registry.npmjs.org/detect-libc/-/detect-libc-2.1.2.tgz 0ms (cache hit)
51 http cache delegates@https://registry.npmjs.org/delegates/-/delegates-1.0.0.tgz 0ms (cache hit)
52 http cache console-control-strings@https://registry.npmjs.org/console-control-strings/-/console-control-strings-1.1.0.tgz 0ms (cache hit)
53 http cache canvas@https://registry.npmjs.org/canvas/-/canvas-2.11.2.tgz 0ms (cache hit)
54 http cache are-we-there-yet@https://registry.npmjs.org/are-we-there-yet/-/are-we-there-yet-2.0.0.tgz 0ms (cache hit)
55 http cache color-support@https://registry.npmjs.org/color-support/-/color-support-1.1.3.tgz 0ms (cache hit)
56 http cache aproba@https://registry.npmjs.org/aproba/-/aproba-2.1.0.tgz 0ms (cache hit)
57 http cache abbrev@https://registry.npmjs.org/abbrev/-/abbrev-1.1.1.tgz 0ms (cache hit)
58 http cache @mapbox/node-pre-gyp@https://registry.npmjs.org/@mapbox/node-pre-gyp/-/node-pre-gyp-1.0.11.tgz 0ms (cache hit)
59 http cache emoji-regex@https://registry.npmjs.org/emoji-regex/-/emoji-regex-8.0.0.tgz 0ms (cache hit)
60 http cache string-width@https://registry.npmjs.org/string-width/-/string-width-4.2.3.tgz 0ms (cache hit)
61 http cache emoji-regex@https://registry.npmjs.org/emoji-regex/-/emoji-regex-8.0.0.tgz 0ms (cache hit)
62 http cache mimic-response@https://registry.npmjs.org/mimic-response/-/mimic-response-2.1.0.tgz 0ms (cache hit)
63 http cache decompress-response@https://registry.npmjs.org/decompress-response/-/decompress-response-4.2.1.tgz 0ms (cache hit)
64 http cache string-width@https://registry.npmjs.org/string-width/-/string-width-4.2.3.tgz 0ms (cache hit)
65 silly tarball no local data for wide-align@https://registry.npmjs.org/wide-align/-/wide-align-1.1.5.tgz. Extracting by manifest.
66 silly tarball no local data for simple-get@https://registry.npmjs.org/simple-get/-/simple-get-3.1.1.tgz. Extracting by manifest.
67 silly tarball no local data for simple-concat@https://registry.npmjs.org/simple-concat/-/simple-concat-1.0.1.tgz. Extracting by manifest.
68 silly tarball no local data for object-assign@https://registry.npmjs.org/object-assign/-/object-assign-4.1.1.tgz. Extracting by manifest.
69 silly tarball no local data for npmlog@https://registry.npmjs.org/npmlog/-/npmlog-5.0.1.tgz. Extracting by manifest.
70 silly tarball no local data for nopt@https://registry.npmjs.org/nopt/-/nopt-5.0.0.tgz. Extracting by manifest.
71 silly tarball no local data for gauge@https://registry.npmjs.org/gauge/-/gauge-3.0.2.tgz. Extracting by manifest.
72 silly tarball no local data for set-blocking@https://registry.npmjs.org/set-blocking/-/set-blocking-2.0.0.tgz. Extracting by manifest.
73 silly tarball no local data for nan@https://registry.npmjs.org/nan/-/nan-2.25.0.tgz. Extracting by manifest.
74 silly tarball no local data for has-unicode@https://registry.npmjs.org/has-unicode/-/has-unicode-2.0.1.tgz. Extracting by manifest.
75 silly tarball no local data for detect-libc@https://registry.npmjs.org/detect-libc/-/detect-libc-2.1.2.tgz. Extracting by manifest.
76 silly tarball no local data for delegates@https://registry.npmjs.org/delegates/-/delegates-1.0.0.tgz. Extracting by manifest.
77 silly tarball no local data for console-control-strings@https://registry.npmjs.org/console-control-strings/-/console-control-strings-1.1.0.tgz. Extracting by manifest.
78 silly tarball no local data for canvas@https://registry.npmjs.org/canvas/-/canvas-2.11.2.tgz. Extracting by manifest.
79 silly tarball no local data for are-we-there-yet@https://registry.npmjs.org/are-we-there-yet/-/are-we-there-yet-2.0.0.tgz. Extracting by manifest.
80 silly tarball no local data for color-support@https://registry.npmjs.org/color-support/-/color-support-1.1.3.tgz. Extracting by manifest.
81 silly tarball no local data for aproba@https://registry.npmjs.org/aproba/-/aproba-2.1.0.tgz. Extracting by manifest.
82 silly tarball no local data for abbrev@https://registry.npmjs.org/abbrev/-/abbrev-1.1.1.tgz. Extracting by manifest.
83 silly tarball no local data for @mapbox/node-pre-gyp@https://registry.npmjs.org/@mapbox/node-pre-gyp/-/node-pre-gyp-1.0.11.tgz. Extracting by manifest.
84 silly tarball no local data for emoji-regex@https://registry.npmjs.org/emoji-regex/-/emoji-regex-8.0.0.tgz. Extracting by manifest.
85 silly tarball no local data for emoji-regex@https://registry.npmjs.org/emoji-regex/-/emoji-regex-8.0.0.tgz. Extracting by manifest.
86 silly tarball no local data for mimic-response@https://registry.npmjs.org/mimic-response/-/mimic-response-2.1.0.tgz. Extracting by manifest.
87 silly tarball no local data for string-width@https://registry.npmjs.org/string-width/-/string-width-4.2.3.tgz. Extracting by manifest.
88 silly tarball no local data for string-width@https://registry.npmjs.org/string-width/-/string-width-4.2.3.tgz. Extracting by manifest.
89 silly tarball no local data for decompress-response@https://registry.npmjs.org/decompress-response/-/decompress-response-4.2.1.tgz. Extracting by manifest.
90 http fetch GET 200 https://registry.npmjs.org/wide-align/-/wide-align-1.1.5.tgz 47ms (cache miss)
91 http fetch GET 200 https://registry.npmjs.org/simple-get/-/simple-get-3.1.1.tgz 46ms (cache miss)
92 http fetch GET 200 https://registry.npmjs.org/are-we-there-yet/-/are-we-there-yet-2.0.0.tgz 204ms (cache miss)
93 warn deprecated are-we-there-yet@2.0.0: This package is no longer supported.
94 http fetch GET 200 https://registry.npmjs.org/aproba/-/aproba-2.1.0.tgz 204ms (cache miss)
95 http fetch GET 200 https://registry.npmjs.org/color-support/-/color-support-1.1.3.tgz 246ms (cache miss)
96 http fetch GET 200 https://registry.npmjs.org/abbrev/-/abbrev-1.1.1.tgz 246ms (cache miss)
97 http fetch GET 200 https://registry.npmjs.org/set-blocking/-/set-blocking-2.0.0.tgz 249ms (cache miss)
98 http fetch GET 200 https://registry.npmjs.org/simple-concat/-/simple-concat-1.0.1.tgz 262ms (cache miss)
99 http fetch GET 200 https://registry.npmjs.org/npmlog/-/npmlog-5.0.1.tgz 263ms (cache miss)
100 warn deprecated npmlog@5.0.1: This package is no longer supported.
101 http fetch GET 200 https://registry.npmjs.org/nopt/-/nopt-5.0.0.tgz 265ms (cache miss)
102 http fetch GET 200 https://registry.npmjs.org/console-control-strings/-/console-control-strings-1.1.0.tgz 309ms (cache miss)
103 http fetch GET 200 https://registry.npmjs.org/detect-libc/-/detect-libc-2.1.2.tgz 314ms (cache miss)
104 http fetch GET 200 https://registry.npmjs.org/delegates/-/delegates-1.0.0.tgz 313ms (cache miss)
105 http fetch GET 200 https://registry.npmjs.org/has-unicode/-/has-unicode-2.0.1.tgz 315ms (cache miss)
106 http fetch POST 200 https://registry.npmjs.org/-/npm/v1/security/advisories/bulk 337ms
107 silly audit report {
107 silly audit report   '@tootallnate/once': [
107 silly audit report     {
107 silly audit report       id: 1119438,
107 silly audit report       url: 'https://github.com/advisories/GHSA-vpq2-c234-7xj6',
107 silly audit report       title: '@tootallnate/once vulnerable to Incorrect Control Flow Scoping',
107 silly audit report       severity: 'low',
107 silly audit report       vulnerable_versions: '<2.0.1',
107 silly audit report       cwe: [Array],
107 silly audit report       cvss: [Object]
107 silly audit report     }
107 silly audit report   ],
107 silly audit report   'brace-expansion': [
107 silly audit report     {
107 silly audit report       id: 1115540,
107 silly audit report       url: 'https://github.com/advisories/GHSA-f886-m6hf-6m8v',
107 silly audit report       title: 'brace-expansion: Zero-step sequence causes process hang and memory exhaustion',
107 silly audit report       severity: 'moderate',
107 silly audit report       vulnerable_versions: '<1.1.13',
107 silly audit report       cwe: [Array],
107 silly audit report       cvss: [Object]
107 silly audit report     },
107 silly audit report     {
107 silly audit report       id: 1115541,
107 silly audit report       url: 'https://github.com/advisories/GHSA-f886-m6hf-6m8v',
107 silly audit report       title: 'brace-expansion: Zero-step sequence causes process hang and memory exhaustion',
107 silly audit report       severity: 'moderate',
107 silly audit report       vulnerable_versions: '>=2.0.0 <2.0.3',
107 silly audit report       cwe: [Array],
107 silly audit report       cvss: [Object]
107 silly audit report     },
107 silly audit report     {
107 silly audit report       id: 1123896,
107 silly audit report       url: 'https://github.com/advisories/GHSA-3jxr-9vmj-r5cp',
107 silly audit report       title: 'brace-expansion: DoS via exponential-time expansion of consecutive non-expanding {} groups',
107 silly audit report       severity: 'high',
107 silly audit report       vulnerable_versions: '>=2.0.0 <2.1.2',
107 silly audit report       cwe: [Array],
107 silly audit report       cvss: [Object]
107 silly audit report     },
107 silly audit report     {
107 silly audit report       id: 1123897,
107 silly audit report       url: 'https://github.com/advisories/GHSA-3jxr-9vmj-r5cp',
107 silly audit report       title: 'brace-expansion: DoS via exponential-time expansion of consecutive non-expanding {} groups',
107 silly audit report       severity: 'high',
107 silly audit report       vulnerable_versions: '<1.1.16',
107 silly audit report       cwe: [Array],
107 silly audit report       cvss: [Object]
107 silly audit report     },
107 silly audit report     {
107 silly audit report       id: 1124334,
107 silly audit report       url: 'https://github.com/advisories/GHSA-mh99-v99m-4gvg',
107 silly audit report       title: 'brace-expansion: DoS via unbounded expansion length causing an out-of-memory process crash',
107 silly audit report       severity: 'high',
107 silly audit report       vulnerable_versions: '<=5.0.7',
107 silly audit report       cwe: [Array],
107 silly audit report       cvss: [Object]
107 silly audit report     }
107 silly audit report   ],
107 silly audit report   'fast-uri': [
107 silly audit report     {
107 silly audit report       id: 1117884,
107 silly audit report       url: 'https://github.com/advisories/GHSA-v39h-62p7-jpjc',
107 silly audit report       title: 'fast-uri vulnerable to host confusion via percent-encoded authority delimiters',
107 silly audit report       severity: 'high',
107 silly audit report       vulnerable_versions: '<=3.1.1',
107 silly audit report       cwe: [Array],
107 silly audit report       cvss: [Object]
107 silly audit report     },
107 silly audit report     {
107 silly audit report       id: 1117870,
107 silly audit report       url: 'https://github.com/advisories/GHSA-q3j6-qgpj-74h6',
107 silly audit report       title: 'fast-uri vulnerable to path traversal via percent-encoded dot segments',
107 silly audit report       severity: 'high',
107 silly audit report       vulnerable_versions: '<=3.1.0',
107 silly audit report       cwe: [Array],
107 silly audit report       cvss: [Object]
107 silly audit report     },
107 silly audit report     {
107 silly audit report       id: 1124064,
107 silly audit report       url: 'https://github.com/advisories/GHSA-v2hh-gcrm-f6hx',
107 silly audit report       title: 'fast-uri vulnerable to host confusion via literal backslash authority delimiter',
107 silly audit report       severity: 'high',
107 silly audit report       vulnerable_versions: '>=3.0.0 <=3.1.3',
107 silly audit report       cwe: [Array],
107 silly audit report       cvss: [Object]
107 silly audit report     },
107 silly audit report     {
107 silly audit report       id: 1124231,
107 silly audit report       url: 'https://github.com/advisories/GHSA-4c8g-83qw-93j6',
107 silly audit report       title: 'fast-uri vulnerable to host confusion via failed IDN canonicalization',
107 silly audit report       severity: 'high',
107 silly audit report       vulnerable_versions: '>=3.0.0 <3.1.3',
107 silly audit report       cwe: [Array],
107 silly audit report       cvss: [Object]
107 silly audit report     }
107 silly audit report   ],
107 silly audit report   'fast-xml-parser': [
107 silly audit report     {
107 silly audit report       id: 1117911,
107 silly audit report       url: 'https://github.com/advisories/GHSA-gh4j-gqv2-49f6',
107 silly audit report       title: 'fast-xml-parser XMLBuilder: XML Comment and CDATA Injection via Unescaped Delimiters',
107 silly audit report       severity: 'moderate',
107 silly audit report       vulnerable_versions: '<5.7.0',
107 silly audit report       cwe: [Array],
107 silly audit report       cvss: [Object]
107 silly audit report     },
107 silly audit report     {
107 silly audit report       id: 1113567,
107 silly audit report       url: 'https://github.com/advisories/GHSA-m7jm-9gc2-mpf2',
107 silly audit report       title: 'fast-xml-parser has an entity encoding bypass via regex injection in DOCTYPE entity names',
107 silly audit report       severity: 'critical',
107 silly audit report       vulnerable_versions: '>=4.1.3 <4.5.4',
107 silly audit report       cwe: [Array],
107 silly audit report       cvss: [Object]
107 silly audit report     },
107 silly audit report     {
107 silly audit report       id: 1113570,
107 silly audit report       url: 'https://github.com/advisories/GHSA-jmr7-xgp7-cmfj',
107 silly audit report       title: 'fast-xml-parser affected by DoS through entity expansion in DOCTYPE (no expansion limit)',
107 silly audit report       severity: 'high',
107 silly audit report       vulnerable_versions: '>=4.1.3 <4.5.4',
107 silly audit report       cwe: [Array],
107 silly audit report       cvss: [Object]
107 silly audit report     },
107 silly audit report     {
107 silly audit report       id: 1114149,
107 silly audit report       url: 'https://github.com/advisories/GHSA-fj3w-jwp8-x2g3',
107 silly audit report       title: 'fast-xml-parser has stack overflow in XMLBuilder with preserveOrder',
107 silly audit report       severity: 'low',
107 silly audit report       vulnerable_versions: '>=4.0.0-beta.0 <4.5.4',
107 silly audit report       cwe: [Array],
107 silly audit report       cvss: [Object]
107 silly audit report     },
107 silly audit report     {
107 silly audit report       id: 1115338,
107 silly audit report       url: 'https://github.com/advisories/GHSA-8gc5-j5rx-235r',
107 silly audit report       title: 'fast-xml-parser affected by numeric entity expansion bypassing all entity expansion limits (incomplete fix for CVE-2026-26278)',
107 silly audit report       severity: 'high',
107 silly audit report       vulnerable_versions: '>=4.0.0-beta.3 <4.5.5',
107 silly audit report       cwe: [Array],
107 silly audit report       cvss: [Object]
107 silly audit report     },
107 silly audit report     {
107 silly audit report       id: 1116308,
107 silly audit report       url: 'https://github.com/advisories/GHSA-jp2q-39xq-3w4g',
107 silly audit report       title: 'Entity Expansion Limits Bypassed When Set to Zero Due to JavaScript Falsy Evaluation in fast-xml-parser',
107 silly audit report       severity: 'moderate',
107 silly audit report       vulnerable_versions: '>=4.0.0-beta.3 <4.5.5',
107 silly audit report       cwe: [Array],
107 silly audit report       cvss: [Object]
107 silly audit report     }
107 silly audit report   ],
107 silly audit report   'file-type': [
107 silly audit report     {
107 silly audit report       id: 1114301,
107 silly audit report       url: 'https://github.com/advisories/GHSA-5v7r-6r5c-r473',
107 silly audit report       title: 'file-type affected by infinite loop in ASF parser on malformed input with zero-size sub-header',
107 silly audit report       severity: 'moderate',
107 silly audit report       vulnerable_versions: '>=13.0.0 <21.3.1',
107 silly audit report       cwe: [Array],
107 silly audit report       cvss: [Object]
107 silly audit report     }
107 silly audit report   ],
107 silly audit report   'form-data': [
107 silly audit report     {
107 silly audit report       id: 1120743,
107 silly audit report       url: 'https://github.com/advisories/GHSA-hmw2-7cc7-3qxx',
107 silly audit report       title: 'form-data: CRLF injection in form-data via unescaped multipart field names and filenames',
107 silly audit report       severity: 'high',
107 silly audit report       vulnerable_versions: '>=4.0.0 <4.0.6',
107 silly audit report       cwe: [Array],
107 silly audit report       cvss: [Object]
107 silly audit report     }
107 silly audit report   ],
107 silly audit report   minimatch: [
107 silly audit report     {
107 silly audit report       id: 1113459,
107 silly audit report       url: 'https://github.com/advisories/GHSA-3ppc-4f35-3m26',
107 silly audit report       title: 'minimatch has a ReDoS via repeated wildcards with non-matching literal in pattern',
107 silly audit report       severity: 'high',
107 silly audit report       vulnerable_versions: '<3.1.3',
107 silly audit report       cwe: [Array],
107 silly audit report       cvss: [Object]
107 silly audit report     },
107 silly audit report     {
107 silly audit report       id: 1113461,
107 silly audit report       url: 'https://github.com/advisories/GHSA-3ppc-4f35-3m26',
107 silly audit report       title: 'minimatch has a ReDoS via repeated wildcards with non-matching literal in pattern',
107 silly audit report       severity: 'high',
107 silly audit report       vulnerable_versions: '>=5.0.0 <5.1.7',
107 silly audit report       cwe: [Array],
107 silly audit report       cvss: [Object]
107 silly audit report     },
107 silly audit report     {
107 silly audit report       id: 1113465,
107 silly audit report       url: 'https://github.com/advisories/GHSA-3ppc-4f35-3m26',
107 silly audit report       title: 'minimatch has a ReDoS via repeated wildcards with non-matching literal in pattern',
107 silly audit report       severity: 'high',
107 silly audit report       vulnerable_versions: '>=9.0.0 <9.0.6',
107 silly audit report       cwe: [Array],
107 silly audit report       cvss: [Object]
107 silly audit report     },
107 silly audit report     {
107 silly audit report       id: 1113538,
107 silly audit report       url: 'https://github.com/advisories/GHSA-7r86-cg39-jmmj',
107 silly audit report       title: 'minimatch has ReDoS: matchOne() combinatorial backtracking via multiple non-adjacent GLOBSTAR segments',
107 silly audit report       severity: 'high',
107 silly audit report       vulnerable_versions: '<3.1.3',
107 silly audit report       cwe: [Array],
107 silly audit report       cvss: [Object]
107 silly audit report     },
107 silly audit report     {
107 silly audit report       id: 1113540,
107 silly audit report       url: 'https://github.com/advisories/GHSA-7r86-cg39-jmmj',
107 silly audit report       title: 'minimatch has ReDoS: matchOne() combinatorial backtracking via multiple non-adjacent GLOBSTAR segments',
107 silly audit report       severity: 'high',
107 silly audit report       vulnerable_versions: '>=5.0.0 <5.1.8',
107 silly audit report       cwe: [Array],
107 silly audit report       cvss: [Object]
107 silly audit report     },
107 silly audit report     {
107 silly audit report       id: 1113544,
107 silly audit report       url: 'https://github.com/advisories/GHSA-7r86-cg39-jmmj',
107 silly audit report       title: 'minimatch has ReDoS: matchOne() combinatorial backtracking via multiple non-adjacent GLOBSTAR segments',
107 silly audit report       severity: 'high',
107 silly audit report       vulnerable_versions: '>=9.0.0 <9.0.7',
107 silly audit report       cwe: [Array],
107 silly audit report       cvss: [Object]
107 silly audit report     },
107 silly audit report     {
107 silly audit report       id: 1113546,
107 silly audit report       url: 'https://github.com/advisories/GHSA-23c5-xmqv-rm74',
107 silly audit report       title: 'minimatch ReDoS: nested *() extglobs generate catastrophically backtracking regular expressions',
107 silly audit report       severity: 'high',
107 silly audit report       vulnerable_versions: '<3.1.4',
107 silly audit report       cwe: [Array],
107 silly audit report       cvss: [Object]
107 silly audit report     },
107 silly audit report     {
107 silly audit report       id: 1113548,
107 silly audit report       url: 'https://github.com/advisories/GHSA-23c5-xmqv-rm74',
107 silly audit report       title: 'minimatch ReDoS: nested *() extglobs generate catastrophically backtracking regular expressions',
107 silly audit report       severity: 'high',
107 silly audit report       vulnerable_versions: '>=5.0.0 <5.1.8',
107 silly audit report       cwe: [Array],
107 silly audit report       cvss: [Object]
107 silly audit report     },
107 silly audit report     {
107 silly audit report       id: 1113552,
107 silly audit report       url: 'https://github.com/advisories/GHSA-23c5-xmqv-rm74',
107 silly audit report       title: 'minimatch ReDoS: nested *() extglobs generate catastrophically backtracking regular expressions',
107 silly audit report       severity: 'high',
107 silly audit report       vulnerable_versions: '>=9.0.0 <9.0.7',
107 silly audit report       cwe: [Array],
107 silly audit report       cvss: [Object]
107 silly audit report     }
107 silly audit report   ],
107 silly audit report   got: [
107 silly audit report     {
107 silly audit report       id: 1088948,
107 silly audit report       url: 'https://github.com/advisories/GHSA-pfrx-2q88-qq97',
107 silly audit report       title: 'Got allows a redirect to a UNIX socket',
107 silly audit report       severity: 'moderate',
107 silly audit report       vulnerable_versions: '<11.8.5',
107 silly audit report       cwe: [],
107 silly audit report       cvss: [Object]
107 silly audit report     }
107 silly audit report   ],
107 silly audit report   'ip-address': [
107 silly audit report     {
107 silly audit report       id: 1118827,
107 silly audit report       url: 'https://github.com/advisories/GHSA-v2v4-37r5-5v8g',
107 silly audit report       title: 'ip-address has XSS in Address6 HTML-emitting methods',
107 silly audit report       severity: 'moderate',
107 silly audit report       vulnerable_versions: '<=10.1.0',
107 silly audit report       cwe: [Array],
107 silly audit report       cvss: [Object]
107 silly audit report     }
107 silly audit report   ],
107 silly audit report   lodash: [
107 silly audit report     {
107 silly audit report       id: 1115806,
107 silly audit report       url: 'https://github.com/advisories/GHSA-r5fr-rjxr-66jc',
107 silly audit report       title: 'lodash vulnerable to Code Injection via `_.template` imports key names',
107 silly audit report       severity: 'high',
107 silly audit report       vulnerable_versions: '>=4.0.0 <=4.17.23',
107 silly audit report       cwe: [Array],
107 silly audit report       cvss: [Object]
107 silly audit report     },
107 silly audit report     {
107 silly audit report       id: 1115810,
107 silly audit report       url: 'https://github.com/advisories/GHSA-f23m-r3pf-42rh',
107 silly audit report       title: 'lodash vulnerable to Prototype Pollution via array path bypass in `_.unset` and `_.omit`',
107 silly audit report       severity: 'moderate',
107 silly audit report       vulnerable_versions: '<=4.17.23',
107 silly audit report       cwe: [Array],
107 silly audit report       cvss: [Object]
107 silly audit report     }
107 silly audit report   ],
107 silly audit report   picomatch: [
107 silly audit report     {
107 silly audit report       id: 1115549,
107 silly audit report       url: 'https://github.com/advisories/GHSA-3v7f-55p6-f55p',
107 silly audit report       title: 'Picomatch: Method Injection in POSIX Character Classes causes incorrect Glob Matching',
107 silly audit report       severity: 'moderate',
107 silly audit report       vulnerable_versions: '<2.3.2',
107 silly audit report       cwe: [Array],
107 silly audit report       cvss: [Object]
107 silly audit report     },
107 silly audit report     {
107 silly audit report       id: 1115552,
107 silly audit report       url: 'https://github.com/advisories/GHSA-c2c7-rcm5-vvqj',
107 silly audit report       title: 'Picomatch has a ReDoS vulnerability via extglob quantifiers',
107 silly audit report       severity: 'high',
107 silly audit report       vulnerable_versions: '<2.3.2',
107 silly audit report       cwe: [Array],
107 silly audit report       cvss: [Object]
107 silly audit report     }
107 silly audit report   ],
107 silly audit report   postcss: [
107 silly audit report     {
107 silly audit report       id: 1117015,
107 silly audit report       url: 'https://github.com/advisories/GHSA-qx2v-qp2m-jg93',
107 silly audit report       title: 'PostCSS has XSS via Unescaped </style> in its CSS Stringify Output',
107 silly audit report       severity: 'moderate',
107 silly audit report       vulnerable_versions: '<8.5.10',
107 silly audit report       cwe: [Array],
107 silly audit report       cvss: [Object]
107 silly audit report     },
107 silly audit report     {
107 silly audit report       id: 1124252,
107 silly audit report       url: 'https://github.com/advisories/GHSA-6g55-p6wh-862q',
107 silly audit report       title: 'PostCSS: Arbitrary file read and information disclosure via attacker-controlled sourceMappingURL in CSS comments',
107 silly audit report       severity: 'high',
107 silly audit report       vulnerable_versions: '<=8.5.11',
107 silly audit report       cwe: [Array],
107 silly audit report       cvss: [Object]
107 silly audit report     },
107 silly audit report     {
107 silly audit report       id: 1124288,
107 silly audit report       url: 'https://github.com/advisories/GHSA-r28c-9q8g-f849',
107 silly audit report       title: 'PostCSS: Path Traversal in Previous Source Map Auto-Loading (sourceMappingURL) leads to Arbitrary .map File Disclosure',
107 silly audit report       severity: 'high',
107 silly audit report       vulnerable_versions: '<=8.5.17',
107 silly audit report       cwe: [Array],
107 silly audit report       cvss: [Object]
107 silly audit report     }
107 silly audit report   ],
107 silly audit report   ws: [
107 silly audit report     {
107 silly audit report       id: 1118728,
107 silly audit report       url: 'https://github.com/advisories/GHSA-3h5v-q93c-6h6q',
107 silly audit report       title: 'ws affected by a DoS when handling a request with many HTTP headers',
107 silly audit report       severity: 'high',
107 silly audit report       vulnerable_versions: '>=8.0.0 <8.17.1',
107 silly audit report       cwe: [Array],
107 silly audit report       cvss: [Object]
107 silly audit report     },
107 silly audit report     {
107 silly audit report       id: 1119108,
107 silly audit report       url: 'https://github.com/advisories/GHSA-58qx-3vcg-4xpx',
107 silly audit report       title: 'ws: Uninitialized memory disclosure',
107 silly audit report       severity: 'moderate',
107 silly audit report       vulnerable_versions: '>=8.0.0 <8.20.1',
107 silly audit report       cwe: [Array],
107 silly audit report       cvss: [Object]
107 silly audit report     },
107 silly audit report     {
107 silly audit report       id: 1123259,
107 silly audit report       url: 'https://github.com/advisories/GHSA-96hv-2xvq-fx4p',
107 silly audit report       title: 'ws: Memory exhaustion DoS from tiny fragments and data chunks',
107 silly audit report       severity: 'high',
107 silly audit report       vulnerable_versions: '>=8.0.0 <8.21.0',
107 silly audit report       cwe: [Array],
107 silly audit report       cvss: [Object]
107 silly audit report     }
107 silly audit report   ],
107 silly audit report   tar: [
107 silly audit report     {
107 silly audit report       id: 1112659,
107 silly audit report       url: 'https://github.com/advisories/GHSA-34x7-hfp2-rc4v',
107 silly audit report       title: 'node-tar Vulnerable to Arbitrary File Creation/Overwrite via Hardlink Path Traversal',
107 silly audit report       severity: 'high',
107 silly audit report       vulnerable_versions: '<7.5.7',
107 silly audit report       cwe: [Array],
107 silly audit report       cvss: [Object]
107 silly audit report     },
107 silly audit report     {
107 silly audit report       id: 1113300,
107 silly audit report       url: 'https://github.com/advisories/GHSA-8qq5-rm4j-mr97',
107 silly audit report       title: 'node-tar is Vulnerable to Arbitrary File Overwrite and Symlink Poisoning via Insufficient Path Sanitization',
107 silly audit report       severity: 'high',
107 silly audit report       vulnerable_versions: '<=7.5.2',
107 silly audit report       cwe: [Array],
107 silly audit report       cvss: [Object]
107 silly audit report     },
107 silly audit report     {
107 silly audit report       id: 1113375,
107 silly audit report       url: 'https://github.com/advisories/GHSA-83g3-92jg-28cx',
107 silly audit report       title: 'Arbitrary File Read/Write via Hardlink Target Escape Through Symlink Chain in node-tar Extraction',
107 silly audit report       severity: 'high',
107 silly audit report       vulnerable_versions: '<7.5.8',
107 silly audit report       cwe: [Array],
107 silly audit report       cvss: [Object]
107 silly audit report     },
107 silly audit report     {
107 silly audit report       id: 1114200,
107 silly audit report       url: 'https://github.com/advisories/GHSA-qffp-2rhf-9h96',
107 silly audit report       title: 'tar has Hardlink Path Traversal via Drive-Relative Linkpath',
107 silly audit report       severity: 'high',
107 silly audit report       vulnerable_versions: '<=7.5.9',
107 silly audit report       cwe: [Array],
107 silly audit report       cvss: [Object]
107 silly audit report     },
107 silly audit report     {
107 silly audit report       id: 1114302,
107 silly audit report       url: 'https://github.com/advisories/GHSA-9ppj-qmqm-q256',
107 silly audit report       title: 'node-tar Symlink Path Traversal via Drive-Relative Linkpath',
107 silly audit report       severity: 'high',
107 silly audit report       vulnerable_versions: '<=7.5.10',
107 silly audit report       cwe: [Array],
107 silly audit report       cvss: [Object]
107 silly audit report     },
107 silly audit report     {
107 silly audit report       id: 1120782,
107 silly audit report       url: 'https://github.com/advisories/GHSA-vmf3-w455-68vh',
107 silly audit report       title: 'node-tar applies PAX size override to intermediary GNU long-name/long-link headers, causing tar parser interpretation differential (file smuggling)',
107 silly audit report       severity: 'moderate',
107 silly audit report       vulnerable_versions: '<=7.5.15',
107 silly audit report       cwe: [Array],
107 silly audit report       cvss: [Object]
107 silly audit report     },
107 silly audit report     {
107 silly audit report       id: 1114680,
107 silly audit report       url: 'https://github.com/advisories/GHSA-r6q2-hw4h-h46w',
107 silly audit report       title: 'Race Condition in node-tar Path Reservations via Unicode Ligature Collisions on macOS APFS',
107 silly audit report       severity: 'high',
107 silly audit report       vulnerable_versions: '<=7.5.3',
107 silly audit report       cwe: [Array],
107 silly audit report       cvss: [Object]
107 silly audit report     },
107 silly audit report     {
107 silly audit report       id: 1123939,
107 silly audit report       url: 'https://github.com/advisories/GHSA-w8wr-v893-vjvp',
107 silly audit report       title: 'node-tar: Process crash via PAX numeric path type confusion',
107 silly audit report       severity: 'moderate',
107 silly audit report       vulnerable_versions: '<=7.5.17',
107 silly audit report       cwe: [Array],
107 silly audit report       cvss: [Object]
107 silly audit report     },
107 silly audit report     {
107 silly audit report       id: 1123940,
107 silly audit report       url: 'https://github.com/advisories/GHSA-23hp-3jrh-7fpw',
107 silly audit report       title: 'node-tar: Decompression/parse DoS via unlimited input',
107 silly audit report       severity: 'critical',
107 silly audit report       vulnerable_versions: '<=7.5.18',
107 silly audit report       cwe: [Array],
107 silly audit report       cvss: [Object]
107 silly audit report     },
107 silly audit report     {
107 silly audit report       id: 1123941,
107 silly audit report       url: 'https://github.com/advisories/GHSA-8x88-c5mf-7j5w',
107 silly audit report       title: 'node-tar: Negative tar entry size causes infinite loop in archive replace',
107 silly audit report       severity: 'high',
107 silly audit report       vulnerable_versions: '<=7.5.17',
107 silly audit report       cwe: [Array],
107 silly audit report       cvss: [Object]
107 silly audit report     },
107 silly audit report     {
107 silly audit report       id: 1123942,
107 silly audit report       url: 'https://github.com/advisories/GHSA-gvwx-54wh-qm9j',
107 silly audit report       title: 'node-tar: Uncaught Exception DoS via NUL byte in PAX path/linkpath records',
107 silly audit report       severity: 'moderate',
107 silly audit report       vulnerable_versions: '<=7.5.16',
107 silly audit report       cwe: [Array],
107 silly audit report       cvss: [Object]
107 silly audit report     },
107 silly audit report     {
107 silly audit report       id: 1124287,
107 silly audit report       url: 'https://github.com/advisories/GHSA-r292-9mhp-454m',
107 silly audit report       title: 'node-tar: Uncontrolled recursion in mapHas/filesFilter allows uncatchable stack-overflow DoS via crafted long-path tar with member selection',
107 silly audit report       severity: 'moderate',
107 silly audit report       vulnerable_versions: '<=7.5.20',
107 silly audit report       cwe: [Array],
107 silly audit report       cvss: [Object]
107 silly audit report     }
107 silly audit report   ],
107 silly audit report   'tar-fs': [
107 silly audit report     {
107 silly audit report       id: 1109532,
107 silly audit report       url: 'https://github.com/advisories/GHSA-vj76-c3g6-qr5v',
107 silly audit report       title: 'tar-fs has a symlink validation bypass if destination directory is predictable with a specific tarball',
107 silly audit report       severity: 'high',
107 silly audit report       vulnerable_versions: '>=2.0.0 <2.1.4',
107 silly audit report       cwe: [Array],
107 silly audit report       cvss: [Object]
107 silly audit report     },
107 silly audit report     {
107 silly audit report       id: 1109543,
107 silly audit report       url: 'https://github.com/advisories/GHSA-8cj5-5rvv-wf4v',
107 silly audit report       title: 'tar-fs can extract outside the specified dir with a specific tarball',
107 silly audit report       severity: 'high',
107 silly audit report       vulnerable_versions: '>=2.0.0 <2.1.3',
107 silly audit report       cwe: [Array],
107 silly audit report       cvss: [Object]
107 silly audit report     },
107 silly audit report     {
107 silly audit report       id: 1109552,
107 silly audit report       url: 'https://github.com/advisories/GHSA-pq67-2wwv-3xjx',
107 silly audit report       title: 'tar-fs Vulnerable to Link Following and Path Traversal via Extracting a Crafted tar File',
107 silly audit report       severity: 'high',
107 silly audit report       vulnerable_versions: '>=2.0.0 <2.1.2',
107 silly audit report       cwe: [Array],
107 silly audit report       cvss: [Object]
107 silly audit report     }
107 silly audit report   ]
107 silly audit report }
108 silly packumentCache corgi:https://registry.npmjs.org/@tootallnate%2fonce cache-miss
109 silly packumentCache corgi:https://registry.npmjs.org/brace-expansion cache-miss
110 silly packumentCache corgi:https://registry.npmjs.org/fast-uri cache-miss
111 silly packumentCache corgi:https://registry.npmjs.org/fast-xml-parser cache-miss
112 silly packumentCache corgi:https://registry.npmjs.org/file-type cache-miss
113 silly packumentCache corgi:https://registry.npmjs.org/form-data cache-miss
114 silly packumentCache corgi:https://registry.npmjs.org/minimatch cache-miss
115 silly packumentCache corgi:https://registry.npmjs.org/got cache-miss
116 silly packumentCache corgi:https://registry.npmjs.org/ip-address cache-miss
117 silly packumentCache corgi:https://registry.npmjs.org/lodash cache-miss
118 silly packumentCache corgi:https://registry.npmjs.org/picomatch cache-miss
119 silly packumentCache corgi:https://registry.npmjs.org/postcss cache-miss
120 silly packumentCache corgi:https://registry.npmjs.org/ws cache-miss
121 silly packumentCache corgi:https://registry.npmjs.org/tar cache-miss
122 silly packumentCache corgi:https://registry.npmjs.org/tar-fs cache-miss
123 http fetch GET 200 https://registry.npmjs.org/emoji-regex/-/emoji-regex-8.0.0.tgz 352ms (cache miss)
124 http fetch GET 200 https://registry.npmjs.org/emoji-regex/-/emoji-regex-8.0.0.tgz 354ms (cache miss)
125 http fetch GET 200 https://registry.npmjs.org/decompress-response/-/decompress-response-4.2.1.tgz 354ms (cache miss)
126 http fetch GET 200 https://registry.npmjs.org/string-width/-/string-width-4.2.3.tgz 355ms (cache miss)
127 http fetch GET 200 https://registry.npmjs.org/mimic-response/-/mimic-response-2.1.0.tgz 355ms (cache miss)
128 http fetch GET 200 https://registry.npmjs.org/string-width/-/string-width-4.2.3.tgz 356ms (cache miss)
129 http cache https://registry.npmjs.org/fast-uri 24ms (cache hit)
130 silly packumentCache corgi:https://registry.npmjs.org/fast-uri set size:27857 disposed:false
131 http cache https://registry.npmjs.org/form-data 26ms (cache hit)
132 silly packumentCache corgi:https://registry.npmjs.org/form-data set size:55002 disposed:false
133 http fetch GET 200 https://registry.npmjs.org/nan/-/nan-2.25.0.tgz 375ms (cache miss)
134 http fetch GET 200 https://registry.npmjs.org/tar-fs 57ms (cache miss)
135 silly packumentCache corgi:https://registry.npmjs.org/tar-fs set size:undefined disposed:false
136 http fetch GET 200 https://registry.npmjs.org/brace-expansion 64ms (cache miss)
137 silly packumentCache corgi:https://registry.npmjs.org/brace-expansion set size:undefined disposed:false
138 http fetch GET 200 https://registry.npmjs.org/canvas/-/canvas-2.11.2.tgz 407ms (cache miss)
139 http fetch GET 200 https://registry.npmjs.org/got 174ms (cache miss)
140 silly packumentCache corgi:https://registry.npmjs.org/got set size:undefined disposed:false
141 http fetch GET 200 https://registry.npmjs.org/fast-xml-parser 181ms (cache miss)
142 silly packumentCache corgi:https://registry.npmjs.org/fast-xml-parser set size:undefined disposed:false
143 http fetch GET 200 https://registry.npmjs.org/lodash 193ms (cache miss)
144 silly packumentCache corgi:https://registry.npmjs.org/lodash set size:undefined disposed:false
145 http fetch GET 200 https://registry.npmjs.org/file-type 198ms (cache miss)
146 silly packumentCache corgi:https://registry.npmjs.org/file-type set size:undefined disposed:false
147 http fetch GET 200 https://registry.npmjs.org/object-assign/-/object-assign-4.1.1.tgz 537ms (cache miss)
148 http fetch GET 200 https://registry.npmjs.org/ip-address 201ms (cache miss)
149 silly packumentCache corgi:https://registry.npmjs.org/ip-address set size:undefined disposed:false
150 http fetch GET 200 https://registry.npmjs.org/postcss 204ms (cache miss)
151 silly packumentCache corgi:https://registry.npmjs.org/postcss set size:undefined disposed:false
152 http fetch GET 200 https://registry.npmjs.org/picomatch 214ms (cache miss)
153 silly packumentCache corgi:https://registry.npmjs.org/picomatch set size:undefined disposed:false
154 http fetch GET 200 https://registry.npmjs.org/ws 215ms (cache miss)
155 silly packumentCache corgi:https://registry.npmjs.org/ws set size:undefined disposed:false
156 http fetch GET 200 https://registry.npmjs.org/minimatch 224ms (cache miss)
157 silly packumentCache corgi:https://registry.npmjs.org/minimatch set size:undefined disposed:false
158 http fetch GET 200 https://registry.npmjs.org/tar 232ms (cache miss)
159 silly packumentCache corgi:https://registry.npmjs.org/tar set size:undefined disposed:false
160 http fetch GET 200 https://registry.npmjs.org/@tootallnate%2fonce 358ms (cache miss)
161 silly packumentCache corgi:https://registry.npmjs.org/@tootallnate%2fonce set size:undefined disposed:false
162 silly packumentCache corgi:https://registry.npmjs.org/http-proxy-agent cache-miss
163 http fetch GET 200 https://registry.npmjs.org/http-proxy-agent 32ms (cache miss)
164 silly packumentCache corgi:https://registry.npmjs.org/http-proxy-agent set size:undefined disposed:false
165 silly packumentCache corgi:https://registry.npmjs.org/ajv cache-miss
166 http cache https://registry.npmjs.org/ajv 3ms (cache hit)
167 silly packumentCache corgi:https://registry.npmjs.org/ajv set size:467559 disposed:false
168 http fetch GET 200 https://registry.npmjs.org/@mapbox/node-pre-gyp/-/node-pre-gyp-1.0.11.tgz 749ms (cache miss)
169 silly packumentCache corgi:https://registry.npmjs.org/is-svg cache-miss
170 http fetch GET 200 https://registry.npmjs.org/is-svg 39ms (cache miss)
171 silly packumentCache corgi:https://registry.npmjs.org/is-svg set size:undefined disposed:false
172 silly packumentCache corgi:https://registry.npmjs.org/@hint%2futils cache-miss
173 http fetch GET 200 https://registry.npmjs.org/gauge/-/gauge-3.0.2.tgz 1048ms (cache miss)
174 warn deprecated gauge@3.0.2: This package is no longer supported.
175 info run canvas@2.11.2 install node_modules/canvas node-pre-gyp install --fallback-to-build --update-binary
176 http fetch GET 200 https://registry.npmjs.org/@hint%2futils 290ms (cache miss)
177 silly packumentCache corgi:https://registry.npmjs.org/@hint%2futils set size:undefined disposed:false
178 silly packumentCache corgi:https://registry.npmjs.org/jsdom cache-miss
179 http fetch GET 200 https://registry.npmjs.org/jsdom 124ms (cache miss)
180 silly packumentCache corgi:https://registry.npmjs.org/jsdom set size:undefined disposed:false
181 silly packumentCache corgi:https://registry.npmjs.org/glob cache-miss
182 http fetch GET 200 https://registry.npmjs.org/glob 42ms (cache miss)
183 silly packumentCache corgi:https://registry.npmjs.org/glob set size:undefined disposed:false
184 silly packumentCache corgi:https://registry.npmjs.org/filelist cache-miss
185 http fetch GET 200 https://registry.npmjs.org/filelist 34ms (cache miss)
186 silly packumentCache corgi:https://registry.npmjs.org/filelist set size:undefined disposed:false
187 silly packumentCache corgi:https://registry.npmjs.org/package-json cache-miss
188 http fetch GET 200 https://registry.npmjs.org/package-json 26ms (cache miss)
189 silly packumentCache corgi:https://registry.npmjs.org/package-json set size:undefined disposed:false
190 silly packumentCache corgi:https://registry.npmjs.org/socks cache-miss
191 http fetch GET 200 https://registry.npmjs.org/socks 36ms (cache miss)
192 silly packumentCache corgi:https://registry.npmjs.org/socks set size:undefined disposed:false
193 silly packumentCache corgi:https://registry.npmjs.org/@hint%2fformatter-html cache-miss
194 silly packumentCache corgi:https://registry.npmjs.org/@hint%2fformatter-json cache-miss
195 silly packumentCache corgi:https://registry.npmjs.org/@hint%2fformatter-stylish cache-miss
196 silly packumentCache corgi:https://registry.npmjs.org/@hint%2fformatter-summary cache-miss
197 silly packumentCache corgi:https://registry.npmjs.org/@hint%2fhint-compat-api cache-miss
198 silly packumentCache corgi:https://registry.npmjs.org/@hint%2fhint-html-checker cache-miss
199 silly packumentCache corgi:https://registry.npmjs.org/@hint%2fhint-no-vulnerable-javascript-libraries cache-miss
200 silly packumentCache corgi:https://registry.npmjs.org/@hint%2fparser-babel-config cache-miss
201 silly packumentCache corgi:https://registry.npmjs.org/@hint%2fparser-typescript-config cache-miss
202 silly packumentCache corgi:https://registry.npmjs.org/@hint%2futils-json cache-miss
203 silly packumentCache corgi:https://registry.npmjs.org/@hint%2futils-network cache-miss
204 silly packumentCache corgi:https://registry.npmjs.org/cloudinary cache-miss
205 silly packumentCache corgi:https://registry.npmjs.org/hint cache-miss
206 http cache https://registry.npmjs.org/hint 9ms (cache hit)
207 silly packumentCache corgi:https://registry.npmjs.org/hint set size:280124 disposed:false
208 http fetch GET 200 https://registry.npmjs.org/cloudinary 37ms (cache miss)
209 silly packumentCache corgi:https://registry.npmjs.org/cloudinary set size:undefined disposed:false
210 http fetch GET 200 https://registry.npmjs.org/@hint%2fparser-typescript-config 47ms (cache miss)
211 silly packumentCache corgi:https://registry.npmjs.org/@hint%2fparser-typescript-config set size:undefined disposed:false
212 http fetch GET 200 https://registry.npmjs.org/@hint%2fformatter-json 50ms (cache miss)
213 silly packumentCache corgi:https://registry.npmjs.org/@hint%2fformatter-json set size:undefined disposed:false
214 http fetch GET 200 https://registry.npmjs.org/@hint%2fformatter-stylish 84ms (cache miss)
215 silly packumentCache corgi:https://registry.npmjs.org/@hint%2fformatter-stylish set size:undefined disposed:false
216 http fetch GET 200 https://registry.npmjs.org/@hint%2futils-network 87ms (cache miss)
217 silly packumentCache corgi:https://registry.npmjs.org/@hint%2futils-network set size:undefined disposed:false
218 http fetch GET 200 https://registry.npmjs.org/@hint%2fformatter-html 90ms (cache miss)
219 silly packumentCache corgi:https://registry.npmjs.org/@hint%2fformatter-html set size:undefined disposed:false
220 http fetch GET 200 https://registry.npmjs.org/@hint%2fhint-compat-api 116ms (cache miss)
221 silly packumentCache corgi:https://registry.npmjs.org/@hint%2fhint-compat-api set size:undefined disposed:false
222 http fetch GET 200 https://registry.npmjs.org/@hint%2fformatter-summary 117ms (cache miss)
223 silly packumentCache corgi:https://registry.npmjs.org/@hint%2fformatter-summary set size:undefined disposed:false
224 http fetch GET 200 https://registry.npmjs.org/@hint%2fhint-html-checker 319ms (cache miss)
225 silly packumentCache corgi:https://registry.npmjs.org/@hint%2fhint-html-checker set size:undefined disposed:false
226 http fetch GET 200 https://registry.npmjs.org/@hint%2fparser-babel-config 320ms (cache miss)
227 silly packumentCache corgi:https://registry.npmjs.org/@hint%2fparser-babel-config set size:undefined disposed:false
228 http fetch GET 200 https://registry.npmjs.org/@hint%2futils-json 554ms (cache miss)
229 silly packumentCache corgi:https://registry.npmjs.org/@hint%2futils-json set size:undefined disposed:false
230 http fetch GET 200 https://registry.npmjs.org/@hint%2fhint-no-vulnerable-javascript-libraries 644ms (cache miss)
231 silly packumentCache corgi:https://registry.npmjs.org/@hint%2fhint-no-vulnerable-javascript-libraries set size:undefined disposed:false
232 silly packumentCache corgi:https://registry.npmjs.org/anymatch cache-miss
233 silly packumentCache corgi:https://registry.npmjs.org/micromatch cache-miss
234 silly packumentCache corgi:https://registry.npmjs.org/readdirp cache-miss
235 http fetch GET 200 https://registry.npmjs.org/micromatch 34ms (cache miss)
236 silly packumentCache corgi:https://registry.npmjs.org/micromatch set size:undefined disposed:false
237 http fetch GET 200 https://registry.npmjs.org/anymatch 37ms (cache miss)
238 silly packumentCache corgi:https://registry.npmjs.org/anymatch set size:undefined disposed:false
239 http fetch GET 200 https://registry.npmjs.org/readdirp 37ms (cache miss)
240 silly packumentCache corgi:https://registry.npmjs.org/readdirp set size:undefined disposed:false
241 silly packumentCache corgi:https://registry.npmjs.org/@hint%2fhint-css-prefix-order cache-miss
242 silly packumentCache corgi:https://registry.npmjs.org/@hint%2fhint-detect-css-reflows cache-miss
243 silly packumentCache corgi:https://registry.npmjs.org/@hint%2fparser-css cache-miss
244 silly packumentCache corgi:https://registry.npmjs.org/@hint%2fparser-less cache-miss
245 silly packumentCache corgi:https://registry.npmjs.org/@hint%2fparser-sass cache-miss
246 silly packumentCache corgi:https://registry.npmjs.org/postcss-safe-parser cache-miss
247 silly packumentCache corgi:https://registry.npmjs.org/postcss-sass cache-miss
248 silly packumentCache corgi:https://registry.npmjs.org/postcss-scss cache-miss
249 http fetch GET 200 https://registry.npmjs.org/postcss-safe-parser 29ms (cache miss)
250 silly packumentCache corgi:https://registry.npmjs.org/postcss-safe-parser set size:undefined disposed:false
251 http fetch GET 200 https://registry.npmjs.org/postcss-sass 49ms (cache miss)
252 silly packumentCache corgi:https://registry.npmjs.org/postcss-sass set size:undefined disposed:false
253 http fetch GET 200 https://registry.npmjs.org/@hint%2fhint-css-prefix-order 57ms (cache miss)
254 silly packumentCache corgi:https://registry.npmjs.org/@hint%2fhint-css-prefix-order set size:undefined disposed:false
255 http fetch GET 200 https://registry.npmjs.org/@hint%2fparser-sass 65ms (cache miss)
256 silly packumentCache corgi:https://registry.npmjs.org/@hint%2fparser-sass set size:undefined disposed:false
257 http fetch GET 200 https://registry.npmjs.org/@hint%2fparser-css 66ms (cache miss)
258 silly packumentCache corgi:https://registry.npmjs.org/@hint%2fparser-css set size:undefined disposed:false
259 http fetch GET 200 https://registry.npmjs.org/@hint%2fparser-less 151ms (cache miss)
260 silly packumentCache corgi:https://registry.npmjs.org/@hint%2fparser-less set size:undefined disposed:false
261 http fetch GET 200 https://registry.npmjs.org/@hint%2fhint-detect-css-reflows 286ms (cache miss)
262 silly packumentCache corgi:https://registry.npmjs.org/@hint%2fhint-detect-css-reflows set size:undefined disposed:false
263 http fetch GET 200 https://registry.npmjs.org/postcss-scss 285ms (cache miss)
264 silly packumentCache corgi:https://registry.npmjs.org/postcss-scss set size:undefined disposed:false
265 silly packumentCache corgi:https://registry.npmjs.org/puppeteer-core cache-miss
266 http fetch GET 200 https://registry.npmjs.org/puppeteer-core 56ms (cache miss)
267 silly packumentCache corgi:https://registry.npmjs.org/puppeteer-core set size:undefined disposed:false
268 silly packumentCache corgi:https://registry.npmjs.org/@mapbox%2fnode-pre-gyp cache-miss
269 silly packumentCache corgi:https://registry.npmjs.org/cacache cache-miss
270 http fetch GET 200 https://registry.npmjs.org/cacache 79ms (cache miss)
271 silly packumentCache corgi:https://registry.npmjs.org/cacache set size:undefined disposed:false
272 http fetch GET 200 https://registry.npmjs.org/@mapbox%2fnode-pre-gyp 284ms (cache miss)
273 silly packumentCache corgi:https://registry.npmjs.org/@mapbox%2fnode-pre-gyp set size:undefined disposed:false
274 silly packumentCache corgi:https://registry.npmjs.org/@hint%2fconnector-jsdom cache-miss
275 silly packumentCache corgi:https://registry.npmjs.org/@hint%2fconnector-local cache-miss
276 silly packumentCache corgi:https://registry.npmjs.org/@hint%2fconnector-puppeteer cache-miss
277 silly packumentCache corgi:https://registry.npmjs.org/@hint%2fhint-content-type cache-miss
278 silly packumentCache corgi:https://registry.npmjs.org/@hint%2fhint-http-compression cache-miss
279 silly packumentCache corgi:https://registry.npmjs.org/@hint%2fhint-image-optimization-cloudinary cache-miss
280 silly packumentCache corgi:https://registry.npmjs.org/@hint%2fhint-no-bom cache-miss
281 silly packumentCache corgi:https://registry.npmjs.org/@hint%2fhint-ssllabs cache-miss
282 silly packumentCache corgi:https://registry.npmjs.org/@hint%2fhint-typescript-config cache-miss
283 silly packumentCache corgi:https://registry.npmjs.org/@hint%2fparser-javascript cache-miss
284 silly packumentCache corgi:https://registry.npmjs.org/@hint%2fparser-webpack-config cache-miss
285 silly packumentCache corgi:https://registry.npmjs.org/@hint%2futils-connector-tools cache-miss
286 http fetch GET 200 https://registry.npmjs.org/@hint%2fhint-ssllabs 76ms (cache miss)
287 silly packumentCache corgi:https://registry.npmjs.org/@hint%2fhint-ssllabs set size:undefined disposed:false
288 http fetch GET 200 https://registry.npmjs.org/@hint%2fhint-content-type 149ms (cache miss)
289 silly packumentCache corgi:https://registry.npmjs.org/@hint%2fhint-content-type set size:undefined disposed:false
290 http fetch GET 200 https://registry.npmjs.org/@hint%2fhint-image-optimization-cloudinary 151ms (cache miss)
291 silly packumentCache corgi:https://registry.npmjs.org/@hint%2fhint-image-optimization-cloudinary set size:undefined disposed:false
292 http fetch GET 200 https://registry.npmjs.org/@hint%2fhint-http-compression 160ms (cache miss)
293 silly packumentCache corgi:https://registry.npmjs.org/@hint%2fhint-http-compression set size:undefined disposed:false
294 http fetch GET 200 https://registry.npmjs.org/@hint%2fparser-javascript 169ms (cache miss)
295 silly packumentCache corgi:https://registry.npmjs.org/@hint%2fparser-javascript set size:undefined disposed:false
296 http fetch GET 200 https://registry.npmjs.org/@hint%2futils-connector-tools 173ms (cache miss)
297 silly packumentCache corgi:https://registry.npmjs.org/@hint%2futils-connector-tools set size:undefined disposed:false
298 http fetch GET 200 https://registry.npmjs.org/@hint%2fhint-typescript-config 174ms (cache miss)
299 silly packumentCache corgi:https://registry.npmjs.org/@hint%2fhint-typescript-config set size:undefined disposed:false
300 http fetch GET 200 https://registry.npmjs.org/@hint%2fconnector-puppeteer 262ms (cache miss)
301 silly packumentCache corgi:https://registry.npmjs.org/@hint%2fconnector-puppeteer set size:undefined disposed:false
302 http fetch GET 200 https://registry.npmjs.org/@hint%2fhint-no-bom 263ms (cache miss)
303 silly packumentCache corgi:https://registry.npmjs.org/@hint%2fhint-no-bom set size:undefined disposed:false
304 http fetch GET 200 https://registry.npmjs.org/@hint%2fconnector-local 266ms (cache miss)
305 silly packumentCache corgi:https://registry.npmjs.org/@hint%2fconnector-local set size:undefined disposed:false
306 http fetch GET 200 https://registry.npmjs.org/@hint%2fconnector-jsdom 297ms (cache miss)
307 silly packumentCache corgi:https://registry.npmjs.org/@hint%2fconnector-jsdom set size:undefined disposed:false
308 http fetch GET 200 https://registry.npmjs.org/@hint%2fparser-webpack-config 332ms (cache miss)
309 silly packumentCache corgi:https://registry.npmjs.org/@hint%2fparser-webpack-config set size:undefined disposed:false
310 silly packumentCache corgi:https://registry.npmjs.org/latest-version cache-miss
311 http fetch GET 200 https://registry.npmjs.org/latest-version 21ms (cache miss)
312 silly packumentCache corgi:https://registry.npmjs.org/latest-version set size:undefined disposed:false
313 silly packumentCache corgi:https://registry.npmjs.org/make-fetch-happen cache-miss
314 http fetch GET 200 https://registry.npmjs.org/make-fetch-happen 149ms (cache miss)
315 silly packumentCache corgi:https://registry.npmjs.org/make-fetch-happen set size:undefined disposed:false
316 silly packumentCache corgi:https://registry.npmjs.org/canvas cache-miss
317 http fetch GET 200 https://registry.npmjs.org/canvas 309ms (cache miss)
318 silly packumentCache corgi:https://registry.npmjs.org/canvas set size:undefined disposed:false
319 silly packumentCache corgi:https://registry.npmjs.org/@hint%2fconfiguration-web-recommended cache-miss
320 http fetch GET 200 https://registry.npmjs.org/@hint%2fconfiguration-web-recommended 39ms (cache miss)
321 silly packumentCache corgi:https://registry.npmjs.org/@hint%2fconfiguration-web-recommended set size:undefined disposed:false
322 silly packumentCache corgi:https://registry.npmjs.org/@hint%2fconfiguration-development cache-miss
323 http cache https://registry.npmjs.org/@hint%2fconfiguration-development 3ms (cache hit)
324 silly packumentCache corgi:https://registry.npmjs.org/@hint%2fconfiguration-development set size:158680 disposed:false
325 silly packumentCache corgi:https://registry.npmjs.org/@hint%2fconfiguration-accessibility cache-miss
326 silly packumentCache corgi:https://registry.npmjs.org/@hint%2fconfiguration-progressive-web-apps cache-miss
327 http fetch GET 200 https://registry.npmjs.org/@hint%2fconfiguration-accessibility 34ms (cache miss)
328 silly packumentCache corgi:https://registry.npmjs.org/@hint%2fconfiguration-accessibility set size:undefined disposed:false
329 http fetch GET 200 https://registry.npmjs.org/@hint%2fconfiguration-progressive-web-apps 42ms (cache miss)
330 silly packumentCache corgi:https://registry.npmjs.org/@hint%2fconfiguration-progressive-web-apps set size:undefined disposed:false
331 silly packumentCache corgi:https://registry.npmjs.org/@hint%2fhint-apple-touch-icons cache-miss
332 silly packumentCache corgi:https://registry.npmjs.org/@hint%2fhint-axe cache-miss
333 silly packumentCache corgi:https://registry.npmjs.org/@hint%2fhint-babel-config cache-miss
334 silly packumentCache corgi:https://registry.npmjs.org/@hint%2fhint-button-type cache-miss
335 silly packumentCache corgi:https://registry.npmjs.org/@hint%2fhint-create-element-svg cache-miss
336 silly packumentCache corgi:https://registry.npmjs.org/@hint%2fhint-disown-opener cache-miss
337 silly packumentCache corgi:https://registry.npmjs.org/@hint%2fhint-highest-available-document-mode cache-miss
338 silly packumentCache corgi:https://registry.npmjs.org/@hint%2fhint-http-cache cache-miss
339 silly packumentCache corgi:https://registry.npmjs.org/@hint%2fhint-leading-dot-classlist cache-miss
340 silly packumentCache corgi:https://registry.npmjs.org/@hint%2fhint-manifest-app-name cache-miss
341 silly packumentCache corgi:https://registry.npmjs.org/@hint%2fhint-manifest-exists cache-miss
342 silly packumentCache corgi:https://registry.npmjs.org/@hint%2fhint-manifest-file-extension cache-miss
343 silly packumentCache corgi:https://registry.npmjs.org/@hint%2fhint-manifest-is-valid cache-miss
344 silly packumentCache corgi:https://registry.npmjs.org/@hint%2fhint-meta-charset-utf-8 cache-miss
345 silly packumentCache corgi:https://registry.npmjs.org/@hint%2fhint-meta-viewport cache-miss
346 silly packumentCache corgi:https://registry.npmjs.org/@hint%2fhint-no-disallowed-headers cache-miss
347 silly packumentCache corgi:https://registry.npmjs.org/@hint%2fhint-no-friendly-error-pages cache-miss
348 silly packumentCache corgi:https://registry.npmjs.org/@hint%2fhint-no-html-only-headers cache-miss
349 silly packumentCache corgi:https://registry.npmjs.org/@hint%2fhint-no-http-redirects cache-miss
350 silly packumentCache corgi:https://registry.npmjs.org/@hint%2fhint-no-inline-styles cache-miss
351 silly packumentCache corgi:https://registry.npmjs.org/@hint%2fhint-no-protocol-relative-urls cache-miss
352 silly packumentCache corgi:https://registry.npmjs.org/@hint%2fhint-scoped-svg-styles cache-miss
353 silly packumentCache corgi:https://registry.npmjs.org/@hint%2fhint-sri cache-miss
354 silly packumentCache corgi:https://registry.npmjs.org/@hint%2fhint-strict-transport-security cache-miss
355 silly packumentCache corgi:https://registry.npmjs.org/@hint%2fhint-stylesheet-limits cache-miss
356 silly packumentCache corgi:https://registry.npmjs.org/@hint%2fhint-validate-set-cookie-header cache-miss
357 silly packumentCache corgi:https://registry.npmjs.org/@hint%2fhint-webpack-config cache-miss
358 silly packumentCache corgi:https://registry.npmjs.org/@hint%2fhint-x-content-type-options cache-miss
359 silly packumentCache corgi:https://registry.npmjs.org/@hint%2fparser-html cache-miss
360 silly packumentCache corgi:https://registry.npmjs.org/@hint%2fparser-jsx cache-miss
361 silly packumentCache corgi:https://registry.npmjs.org/@hint%2fparser-manifest cache-miss
362 silly packumentCache corgi:https://registry.npmjs.org/@hint%2fparser-typescript cache-miss
363 info run canvas@2.11.2 install { code: 1, signal: null }
364 verbose reify failed optional dependency /Users/aryanverma/Library/Application Support/Code/User/globalStorage/ms-edgedevtools.vscode-edge-devtools/node_modules/canvas
365 silly reify mark deleted [
365 silly reify   '/Users/aryanverma/Library/Application Support/Code/User/globalStorage/ms-edgedevtools.vscode-edge-devtools/node_modules/canvas'
365 silly reify ]
366 verbose reify failed optional dependency /Users/aryanverma/Library/Application Support/Code/User/globalStorage/ms-edgedevtools.vscode-edge-devtools/node_modules/@mapbox/node-pre-gyp
367 silly reify mark deleted [
367 silly reify   '/Users/aryanverma/Library/Application Support/Code/User/globalStorage/ms-edgedevtools.vscode-edge-devtools/node_modules/@mapbox/node-pre-gyp',
367 silly reify   '/Users/aryanverma/Library/Application Support/Code/User/globalStorage/ms-edgedevtools.vscode-edge-devtools/node_modules/.bin/node-pre-gyp'
367 silly reify ]
368 verbose reify failed optional dependency /Users/aryanverma/Library/Application Support/Code/User/globalStorage/ms-edgedevtools.vscode-edge-devtools/node_modules/nan
369 silly reify mark deleted [
369 silly reify   '/Users/aryanverma/Library/Application Support/Code/User/globalStorage/ms-edgedevtools.vscode-edge-devtools/node_modules/nan'
369 silly reify ]
370 verbose reify failed optional dependency /Users/aryanverma/Library/Application Support/Code/User/globalStorage/ms-edgedevtools.vscode-edge-devtools/node_modules/simple-get
371 silly reify mark deleted [
371 silly reify   '/Users/aryanverma/Library/Application Support/Code/User/globalStorage/ms-edgedevtools.vscode-edge-devtools/node_modules/simple-get'
371 silly reify ]
372 verbose reify failed optional dependency /Users/aryanverma/Library/Application Support/Code/User/globalStorage/ms-edgedevtools.vscode-edge-devtools/node_modules/detect-libc
373 silly reify mark deleted [
373 silly reify   '/Users/aryanverma/Library/Application Support/Code/User/globalStorage/ms-edgedevtools.vscode-edge-devtools/node_modules/detect-libc'
373 silly reify ]
374 verbose reify failed optional dependency /Users/aryanverma/Library/Application Support/Code/User/globalStorage/ms-edgedevtools.vscode-edge-devtools/node_modules/nopt
375 silly reify mark deleted [
375 silly reify   '/Users/aryanverma/Library/Application Support/Code/User/globalStorage/ms-edgedevtools.vscode-edge-devtools/node_modules/nopt',
375 silly reify   '/Users/aryanverma/Library/Application Support/Code/User/globalStorage/ms-edgedevtools.vscode-edge-devtools/node_modules/.bin/nopt'
375 silly reify ]
376 verbose reify failed optional dependency /Users/aryanverma/Library/Application Support/Code/User/globalStorage/ms-edgedevtools.vscode-edge-devtools/node_modules/npmlog
377 silly reify mark deleted [
377 silly reify   '/Users/aryanverma/Library/Application Support/Code/User/globalStorage/ms-edgedevtools.vscode-edge-devtools/node_modules/npmlog'
377 silly reify ]
378 verbose reify failed optional dependency /Users/aryanverma/Library/Application Support/Code/User/globalStorage/ms-edgedevtools.vscode-edge-devtools/node_modules/simple-get/node_modules/decompress-response
379 silly reify mark deleted [
379 silly reify   '/Users/aryanverma/Library/Application Support/Code/User/globalStorage/ms-edgedevtools.vscode-edge-devtools/node_modules/simple-get/node_modules/decompress-response'
379 silly reify ]
380 verbose reify failed optional dependency /Users/aryanverma/Library/Application Support/Code/User/globalStorage/ms-edgedevtools.vscode-edge-devtools/node_modules/simple-concat
381 silly reify mark deleted [
381 silly reify   '/Users/aryanverma/Library/Application Support/Code/User/globalStorage/ms-edgedevtools.vscode-edge-devtools/node_modules/simple-concat'
381 silly reify ]
382 verbose reify failed optional dependency /Users/aryanverma/Library/Application Support/Code/User/globalStorage/ms-edgedevtools.vscode-edge-devtools/node_modules/abbrev
383 silly reify mark deleted [
383 silly reify   '/Users/aryanverma/Library/Application Support/Code/User/globalStorage/ms-edgedevtools.vscode-edge-devtools/node_modules/abbrev'
383 silly reify ]
384 verbose reify failed optional dependency /Users/aryanverma/Library/Application Support/Code/User/globalStorage/ms-edgedevtools.vscode-edge-devtools/node_modules/are-we-there-yet
385 silly reify mark deleted [
385 silly reify   '/Users/aryanverma/Library/Application Support/Code/User/globalStorage/ms-edgedevtools.vscode-edge-devtools/node_modules/are-we-there-yet'
385 silly reify ]
386 verbose reify failed optional dependency /Users/aryanverma/Library/Application Support/Code/User/globalStorage/ms-edgedevtools.vscode-edge-devtools/node_modules/console-control-strings
387 silly reify mark deleted [
387 silly reify   '/Users/aryanverma/Library/Application Support/Code/User/globalStorage/ms-edgedevtools.vscode-edge-devtools/node_modules/console-control-strings'
387 silly reify ]
388 verbose reify failed optional dependency /Users/aryanverma/Library/Application Support/Code/User/globalStorage/ms-edgedevtools.vscode-edge-devtools/node_modules/gauge
389 silly reify mark deleted [
389 silly reify   '/Users/aryanverma/Library/Application Support/Code/User/globalStorage/ms-edgedevtools.vscode-edge-devtools/node_modules/gauge'
389 silly reify ]
390 verbose reify failed optional dependency /Users/aryanverma/Library/Application Support/Code/User/globalStorage/ms-edgedevtools.vscode-edge-devtools/node_modules/set-blocking
391 silly reify mark deleted [
391 silly reify   '/Users/aryanverma/Library/Application Support/Code/User/globalStorage/ms-edgedevtools.vscode-edge-devtools/node_modules/set-blocking'
391 silly reify ]
392 verbose reify failed optional dependency /Users/aryanverma/Library/Application Support/Code/User/globalStorage/ms-edgedevtools.vscode-edge-devtools/node_modules/simple-get/node_modules/mimic-response
393 silly reify mark deleted [
393 silly reify   '/Users/aryanverma/Library/Application Support/Code/User/globalStorage/ms-edgedevtools.vscode-edge-devtools/node_modules/simple-get/node_modules/mimic-response'
393 silly reify ]
394 verbose reify failed optional dependency /Users/aryanverma/Library/Application Support/Code/User/globalStorage/ms-edgedevtools.vscode-edge-devtools/node_modules/delegates
395 silly reify mark deleted [
395 silly reify   '/Users/aryanverma/Library/Application Support/Code/User/globalStorage/ms-edgedevtools.vscode-edge-devtools/node_modules/delegates'
395 silly reify ]
396 verbose reify failed optional dependency /Users/aryanverma/Library/Application Support/Code/User/globalStorage/ms-edgedevtools.vscode-edge-devtools/node_modules/aproba
397 silly reify mark deleted [
397 silly reify   '/Users/aryanverma/Library/Application Support/Code/User/globalStorage/ms-edgedevtools.vscode-edge-devtools/node_modules/aproba'
397 silly reify ]
398 verbose reify failed optional dependency /Users/aryanverma/Library/Application Support/Code/User/globalStorage/ms-edgedevtools.vscode-edge-devtools/node_modules/color-support
399 silly reify mark deleted [
399 silly reify   '/Users/aryanverma/Library/Application Support/Code/User/globalStorage/ms-edgedevtools.vscode-edge-devtools/node_modules/color-support',
399 silly reify   '/Users/aryanverma/Library/Application Support/Code/User/globalStorage/ms-edgedevtools.vscode-edge-devtools/node_modules/.bin/color-support'
399 silly reify ]
400 verbose reify failed optional dependency /Users/aryanverma/Library/Application Support/Code/User/globalStorage/ms-edgedevtools.vscode-edge-devtools/node_modules/has-unicode
401 silly reify mark deleted [
401 silly reify   '/Users/aryanverma/Library/Application Support/Code/User/globalStorage/ms-edgedevtools.vscode-edge-devtools/node_modules/has-unicode'
401 silly reify ]
402 verbose reify failed optional dependency /Users/aryanverma/Library/Application Support/Code/User/globalStorage/ms-edgedevtools.vscode-edge-devtools/node_modules/object-assign
403 silly reify mark deleted [
403 silly reify   '/Users/aryanverma/Library/Application Support/Code/User/globalStorage/ms-edgedevtools.vscode-edge-devtools/node_modules/object-assign'
403 silly reify ]
404 verbose reify failed optional dependency /Users/aryanverma/Library/Application Support/Code/User/globalStorage/ms-edgedevtools.vscode-edge-devtools/node_modules/gauge/node_modules/string-width
405 silly reify mark deleted [
405 silly reify   '/Users/aryanverma/Library/Application Support/Code/User/globalStorage/ms-edgedevtools.vscode-edge-devtools/node_modules/gauge/node_modules/string-width'
405 silly reify ]
406 verbose reify failed optional dependency /Users/aryanverma/Library/Application Support/Code/User/globalStorage/ms-edgedevtools.vscode-edge-devtools/node_modules/wide-align
407 silly reify mark deleted [
407 silly reify   '/Users/aryanverma/Library/Application Support/Code/User/globalStorage/ms-edgedevtools.vscode-edge-devtools/node_modules/wide-align'
407 silly reify ]
408 verbose reify failed optional dependency /Users/aryanverma/Library/Application Support/Code/User/globalStorage/ms-edgedevtools.vscode-edge-devtools/node_modules/gauge/node_modules/emoji-regex
409 silly reify mark deleted [
409 silly reify   '/Users/aryanverma/Library/Application Support/Code/User/globalStorage/ms-edgedevtools.vscode-edge-devtools/node_modules/gauge/node_modules/emoji-regex'
409 silly reify ]
410 verbose reify failed optional dependency /Users/aryanverma/Library/Application Support/Code/User/globalStorage/ms-edgedevtools.vscode-edge-devtools/node_modules/wide-align/node_modules/string-width
411 silly reify mark deleted [
411 silly reify   '/Users/aryanverma/Library/Application Support/Code/User/globalStorage/ms-edgedevtools.vscode-edge-devtools/node_modules/wide-align/node_modules/string-width'
411 silly reify ]
412 verbose reify failed optional dependency /Users/aryanverma/Library/Application Support/Code/User/globalStorage/ms-edgedevtools.vscode-edge-devtools/node_modules/wide-align/node_modules/emoji-regex
413 silly reify mark deleted [
413 silly reify   '/Users/aryanverma/Library/Application Support/Code/User/globalStorage/ms-edgedevtools.vscode-edge-devtools/node_modules/wide-align/node_modules/emoji-regex'
413 silly reify ]
414 http fetch GET 200 https://registry.npmjs.org/@hint%2fhint-leading-dot-classlist 315ms (cache miss)
415 silly packumentCache corgi:https://registry.npmjs.org/@hint%2fhint-leading-dot-classlist set size:undefined disposed:false
416 http fetch GET 200 https://registry.npmjs.org/@hint%2fhint-create-element-svg 318ms (cache miss)
417 silly packumentCache corgi:https://registry.npmjs.org/@hint%2fhint-create-element-svg set size:undefined disposed:false
418 http fetch GET 200 https://registry.npmjs.org/@hint%2fhint-button-type 321ms (cache miss)
419 silly packumentCache corgi:https://registry.npmjs.org/@hint%2fhint-button-type set size:undefined disposed:false
420 http fetch GET 200 https://registry.npmjs.org/@hint%2fhint-no-inline-styles 319ms (cache miss)
421 silly packumentCache corgi:https://registry.npmjs.org/@hint%2fhint-no-inline-styles set size:undefined disposed:false
422 http fetch GET 200 https://registry.npmjs.org/@hint%2fhint-meta-viewport 320ms (cache miss)
423 silly packumentCache corgi:https://registry.npmjs.org/@hint%2fhint-meta-viewport set size:undefined disposed:false
424 http fetch GET 200 https://registry.npmjs.org/@hint%2fhint-apple-touch-icons 323ms (cache miss)
425 silly packumentCache corgi:https://registry.npmjs.org/@hint%2fhint-apple-touch-icons set size:undefined disposed:false
426 http fetch GET 200 https://registry.npmjs.org/@hint%2fhint-manifest-app-name 324ms (cache miss)
427 silly packumentCache corgi:https://registry.npmjs.org/@hint%2fhint-manifest-app-name set size:undefined disposed:false
428 http fetch GET 200 https://registry.npmjs.org/@hint%2fhint-axe 326ms (cache miss)
429 silly packumentCache corgi:https://registry.npmjs.org/@hint%2fhint-axe set size:undefined disposed:false
430 http fetch GET 200 https://registry.npmjs.org/@hint%2fhint-manifest-file-extension 325ms (cache miss)
431 silly packumentCache corgi:https://registry.npmjs.org/@hint%2fhint-manifest-file-extension set size:undefined disposed:false
432 http fetch GET 200 https://registry.npmjs.org/@hint%2fhint-manifest-exists 326ms (cache miss)
433 silly packumentCache corgi:https://registry.npmjs.org/@hint%2fhint-manifest-exists set size:undefined disposed:false
434 http fetch GET 200 https://registry.npmjs.org/@hint%2fhint-manifest-is-valid 327ms (cache miss)
435 silly packumentCache corgi:https://registry.npmjs.org/@hint%2fhint-manifest-is-valid set size:undefined disposed:false
436 http fetch GET 200 https://registry.npmjs.org/@hint%2fhint-meta-charset-utf-8 328ms (cache miss)
437 silly packumentCache corgi:https://registry.npmjs.org/@hint%2fhint-meta-charset-utf-8 set size:undefined disposed:false
438 http fetch GET 200 https://registry.npmjs.org/@hint%2fhint-scoped-svg-styles 328ms (cache miss)
439 silly packumentCache corgi:https://registry.npmjs.org/@hint%2fhint-scoped-svg-styles set size:undefined disposed:false
440 http fetch GET 200 https://registry.npmjs.org/@hint%2fhint-highest-available-document-mode 330ms (cache miss)
441 silly packumentCache corgi:https://registry.npmjs.org/@hint%2fhint-highest-available-document-mode set size:undefined disposed:false
442 http fetch GET 200 https://registry.npmjs.org/@hint%2fhint-disown-opener 331ms (cache miss)
443 silly packumentCache corgi:https://registry.npmjs.org/@hint%2fhint-disown-opener set size:undefined disposed:false
444 http fetch GET 200 https://registry.npmjs.org/@hint%2fhint-babel-config 334ms (cache miss)
445 silly packumentCache corgi:https://registry.npmjs.org/@hint%2fhint-babel-config set size:undefined disposed:false
446 http fetch GET 200 https://registry.npmjs.org/@hint%2fhint-no-disallowed-headers 336ms (cache miss)
447 silly packumentCache corgi:https://registry.npmjs.org/@hint%2fhint-no-disallowed-headers set size:undefined disposed:false
448 http fetch GET 200 https://registry.npmjs.org/@hint%2fhint-no-html-only-headers 337ms (cache miss)
449 silly packumentCache corgi:https://registry.npmjs.org/@hint%2fhint-no-html-only-headers set size:undefined disposed:false
450 http fetch GET 200 https://registry.npmjs.org/@hint%2fhint-validate-set-cookie-header 337ms (cache miss)
451 silly packumentCache corgi:https://registry.npmjs.org/@hint%2fhint-validate-set-cookie-header set size:undefined disposed:false
452 http fetch GET 200 https://registry.npmjs.org/@hint%2fhint-no-friendly-error-pages 340ms (cache miss)
453 silly packumentCache corgi:https://registry.npmjs.org/@hint%2fhint-no-friendly-error-pages set size:undefined disposed:false
454 http fetch GET 200 https://registry.npmjs.org/@hint%2fhint-sri 348ms (cache miss)
455 silly packumentCache corgi:https://registry.npmjs.org/@hint%2fhint-sri set size:undefined disposed:false
456 http fetch GET 200 https://registry.npmjs.org/@hint%2fparser-jsx 349ms (cache miss)
457 silly packumentCache corgi:https://registry.npmjs.org/@hint%2fparser-jsx set size:undefined disposed:false
458 http fetch GET 200 https://registry.npmjs.org/@hint%2fhint-no-protocol-relative-urls 350ms (cache miss)
459 silly packumentCache corgi:https://registry.npmjs.org/@hint%2fhint-no-protocol-relative-urls set size:undefined disposed:false
460 http fetch GET 200 https://registry.npmjs.org/@hint%2fparser-typescript 350ms (cache miss)
461 silly packumentCache corgi:https://registry.npmjs.org/@hint%2fparser-typescript set size:undefined disposed:false
462 http fetch GET 200 https://registry.npmjs.org/@hint%2fhint-webpack-config 352ms (cache miss)
463 silly packumentCache corgi:https://registry.npmjs.org/@hint%2fhint-webpack-config set size:undefined disposed:false
464 http fetch GET 200 https://registry.npmjs.org/@hint%2fhint-stylesheet-limits 354ms (cache miss)
465 silly packumentCache corgi:https://registry.npmjs.org/@hint%2fhint-stylesheet-limits set size:undefined disposed:false
466 http fetch GET 200 https://registry.npmjs.org/@hint%2fhint-x-content-type-options 354ms (cache miss)
467 silly packumentCache corgi:https://registry.npmjs.org/@hint%2fhint-x-content-type-options set size:undefined disposed:false
468 http fetch GET 200 https://registry.npmjs.org/@hint%2fhint-no-http-redirects 357ms (cache miss)
469 silly packumentCache corgi:https://registry.npmjs.org/@hint%2fhint-no-http-redirects set size:undefined disposed:false
470 http fetch GET 200 https://registry.npmjs.org/@hint%2fparser-html 357ms (cache miss)
471 silly packumentCache corgi:https://registry.npmjs.org/@hint%2fparser-html set size:undefined disposed:false
472 http fetch GET 200 https://registry.npmjs.org/@hint%2fparser-manifest 358ms (cache miss)
473 silly packumentCache corgi:https://registry.npmjs.org/@hint%2fparser-manifest set size:undefined disposed:false
474 http fetch GET 200 https://registry.npmjs.org/@hint%2fhint-http-cache 451ms (cache miss)
475 silly packumentCache corgi:https://registry.npmjs.org/@hint%2fhint-http-cache set size:undefined disposed:false
476 http fetch GET 200 https://registry.npmjs.org/@hint%2fhint-strict-transport-security 494ms (cache miss)
477 silly packumentCache corgi:https://registry.npmjs.org/@hint%2fhint-strict-transport-security set size:undefined disposed:false
478 silly packumentCache corgi:https://registry.npmjs.org/update-notifier cache-miss
479 http fetch GET 200 https://registry.npmjs.org/update-notifier 100ms (cache miss)
480 silly packumentCache corgi:https://registry.npmjs.org/update-notifier set size:undefined disposed:false
481 silly packumentCache corgi:https://registry.npmjs.org/npm-registry-fetch cache-miss
482 http fetch GET 200 https://registry.npmjs.org/npm-registry-fetch 65ms (cache miss)
483 silly packumentCache corgi:https://registry.npmjs.org/npm-registry-fetch set size:undefined disposed:false
484 silly ADD
485 silly ADD node_modules/string-width
486 silly ADD node_modules/emoji-regex
487 silly ADD
488 silly ADD node_modules/mimic-response
489 silly ADD node_modules/decompress-response
490 silly ADD
491 silly ADD
492 silly ADD
493 silly ADD
494 silly ADD
495 silly ADD
496 silly ADD
497 silly ADD
498 silly ADD node_modules/string-width
499 silly ADD node_modules/emoji-regex
500 silly ADD
501 silly ADD
502 silly ADD
503 silly ADD
504 silly ADD
505 silly ADD
506 silly ADD
507 silly ADD
508 silly ADD
509 verbose cwd /Users/aryanverma/Library/Application Support/Code/User/globalStorage/ms-edgedevtools.vscode-edge-devtools
510 verbose os Darwin 25.2.0
511 verbose node v25.6.1
512 verbose npm  v11.9.0
513 verbose exit 0
514 info ok
